HealthTopic,Population,Indicator,Unit,Time,RegionCode,RegionName,NumValue,TxtValue
Antimicrobial resistance,Escherichia coli|Third-generation cephalosporins,"R - resistant isolates, percentage  ",%,2000,DE,Germany,0,
Antimicrobial resistance,Escherichia coli|Third-generation cephalosporins,"R - resistant isolates, percentage  ",%,2000,EE,Estonia,-,
Antimicrobial resistance,Escherichia coli|Third-generation cephalosporins,"R - resistant isolates, percentage  ",%,2000,EL,Greece,3.60110803,
Antimicrobial resistance,Escherichia coli|Third-generation cephalosporins,"R - resistant isolates, percentage  ",%,2000,NL,Netherlands,0.10235414,
Antimicrobial resistance,Escherichia coli|Third-generation cephalosporins,"R - resistant isolates, percentage  ",%,2000,NO,Norway,0.32679738,
Antimicrobial resistance,Escherichia coli|Third-generation cephalosporins,"R - resistant isolates, percentage  ",%,2000,SE,Sweden,-,
Antimicrobial resistance,Escherichia coli|Third-generation cephalosporins,"R - resistant isolates, percentage  ",%,2001,AT,Austria,0,
Antimicrobial resistance,Escherichia coli|Third-generation cephalosporins,"R - resistant isolates, percentage  ",%,2001,BE,Belgium,1.8018018,
Antimicrobial resistance,Escherichia coli|Third-generation cephalosporins,"R - resistant isolates, percentage  ",%,2001,BG,Bulgaria,6.66666666,
Antimicrobial resistance,Escherichia coli|Third-generation cephalosporins,"R - resistant isolates, percentage  ",%,2001,CZ,Czechia,2.31362467,
Antimicrobial resistance,Escherichia coli|Third-generation cephalosporins,"R - resistant isolates, percentage  ",%,2001,DE,Germany,0.7154213,
Antimicrobial resistance,Escherichia coli|Third-generation cephalosporins,"R - resistant isolates, percentage  ",%,2001,EE,Estonia,5.88235294,
Antimicrobial resistance,Escherichia coli|Third-generation cephalosporins,"R - resistant isolates, percentage  ",%,2001,EL,Greece,5.44815465,
Antimicrobial resistance,Escherichia coli|Third-generation cephalosporins,"R - resistant isolates, percentage  ",%,2001,ES,Spain,0.61898211,
Antimicrobial resistance,Escherichia coli|Third-generation cephalosporins,"R - resistant isolates, percentage  ",%,2001,FI,Finland,0.16570008,
Antimicrobial resistance,Escherichia coli|Third-generation cephalosporins,"R - resistant isolates, percentage  ",%,2001,HR,Croatia,1.64835164,
Antimicrobial resistance,Escherichia coli|Third-generation cephalosporins,"R - resistant isolates, percentage  ",%,2001,HU,Hungary,0.38167938,
Antimicrobial resistance,Escherichia coli|Third-generation cephalosporins,"R - resistant isolates, percentage  ",%,2001,IS,Iceland,0,
Antimicrobial resistance,Escherichia coli|Third-generation cephalosporins,"R - resistant isolates, percentage  ",%,2001,LU,Luxembourg,0.53475935,
Antimicrobial resistance,Escherichia coli|Third-generation cephalosporins,"R - resistant isolates, percentage  ",%,2001,MT,Malta,0,
Antimicrobial resistance,Escherichia coli|Third-generation cephalosporins,"R - resistant isolates, percentage  ",%,2001,NL,Netherlands,0.55325034,
Antimicrobial resistance,Escherichia coli|Third-generation cephalosporins,"R - resistant isolates, percentage  ",%,2001,NO,Norway,0.31120331,
Antimicrobial resistance,Escherichia coli|Third-generation cephalosporins,"R - resistant isolates, percentage  ",%,2001,PL,Poland,7.07070707,
Antimicrobial resistance,Escherichia coli|Third-generation cephalosporins,"R - resistant isolates, percentage  ",%,2001,PT,Portugal,2.87081339,
Antimicrobial resistance,Escherichia coli|Third-generation cephalosporins,"R - resistant isolates, percentage  ",%,2001,SE,Sweden,0.34259611,
Antimicrobial resistance,Escherichia coli|Third-generation cephalosporins,"R - resistant isolates, percentage  ",%,2001,SI,Slovenia,0.25125628,
Antimicrobial resistance,Escherichia coli|Third-generation cephalosporins,"R - resistant isolates, percentage  ",%,2001,SK,Slovakia,6.66666666,
Antimicrobial resistance,Escherichia coli|Third-generation cephalosporins,"R - resistant isolates, percentage  ",%,2001,UK,United Kingdom,1.21317157,
Antimicrobial resistance,Escherichia coli|Third-generation cephalosporins,"R - resistant isolates, percentage  ",%,2002,AT,Austria,1.25786163,
Antimicrobial resistance,Escherichia coli|Third-generation cephalosporins,"R - resistant isolates, percentage  ",%,2002,BE,Belgium,2.79424216,
Antimicrobial resistance,Escherichia coli|Third-generation cephalosporins,"R - resistant isolates, percentage  ",%,2002,BG,Bulgaria,13.33333333,
Antimicrobial resistance,Escherichia coli|Third-generation cephalosporins,"R - resistant isolates, percentage  ",%,2002,CZ,Czechia,1.19873817,
Antimicrobial resistance,Escherichia coli|Third-generation cephalosporins,"R - resistant isolates, percentage  ",%,2002,DE,Germany,0.93984962,
Antimicrobial resistance,Escherichia coli|Third-generation cephalosporins,"R - resistant isolates, percentage  ",%,2002,EE,Estonia,1.53846153,
Antimicrobial resistance,Escherichia coli|Third-generation cephalosporins,"R - resistant isolates, percentage  ",%,2002,EL,Greece,6.36833046,
Antimicrobial resistance,Escherichia coli|Third-generation cephalosporins,"R - resistant isolates, percentage  ",%,2002,ES,Spain,1.57575757,
Antimicrobial resistance,Escherichia coli|Third-generation cephalosporins,"R - resistant isolates, percentage  ",%,2002,FI,Finland,0.62992125,
Antimicrobial resistance,Escherichia coli|Third-generation cephalosporins,"R - resistant isolates, percentage  ",%,2002,FR,France,0.76152304,
Antimicrobial resistance,Escherichia coli|Third-generation cephalosporins,"R - resistant isolates, percentage  ",%,2002,HR,Croatia,2.85714285,
Antimicrobial resistance,Escherichia coli|Third-generation cephalosporins,"R - resistant isolates, percentage  ",%,2002,HU,Hungary,2,
Antimicrobial resistance,Escherichia coli|Third-generation cephalosporins,"R - resistant isolates, percentage  ",%,2002,IE,Ireland,2.18579234,
Antimicrobial resistance,Escherichia coli|Third-generation cephalosporins,"R - resistant isolates, percentage  ",%,2002,IS,Iceland,0,
Antimicrobial resistance,Escherichia coli|Third-generation cephalosporins,"R - resistant isolates, percentage  ",%,2002,IT,Italy,2.93159609,
Antimicrobial resistance,Escherichia coli|Third-generation cephalosporins,"R - resistant isolates, percentage  ",%,2002,LU,Luxembourg,0.52083333,
Antimicrobial resistance,Escherichia coli|Third-generation cephalosporins,"R - resistant isolates, percentage  ",%,2002,MT,Malta,2.7027027,
Antimicrobial resistance,Escherichia coli|Third-generation cephalosporins,"R - resistant isolates, percentage  ",%,2002,NL,Netherlands,1.00300902,
Antimicrobial resistance,Escherichia coli|Third-generation cephalosporins,"R - resistant isolates, percentage  ",%,2002,NO,Norway,0.17889087,
Antimicrobial resistance,Escherichia coli|Third-generation cephalosporins,"R - resistant isolates, percentage  ",%,2002,PL,Poland,6.15384615,
Antimicrobial resistance,Escherichia coli|Third-generation cephalosporins,"R - resistant isolates, percentage  ",%,2002,PT,Portugal,5.65610859,
Antimicrobial resistance,Escherichia coli|Third-generation cephalosporins,"R - resistant isolates, percentage  ",%,2002,RO,Romania,17.85714285,
Antimicrobial resistance,Escherichia coli|Third-generation cephalosporins,"R - resistant isolates, percentage  ",%,2002,SE,Sweden,0.32658393,
Antimicrobial resistance,Escherichia coli|Third-generation cephalosporins,"R - resistant isolates, percentage  ",%,2002,SI,Slovenia,1.22249388,
Antimicrobial resistance,Escherichia coli|Third-generation cephalosporins,"R - resistant isolates, percentage  ",%,2002,SK,Slovakia,1.86915887,
Antimicrobial resistance,Escherichia coli|Third-generation cephalosporins,"R - resistant isolates, percentage  ",%,2002,UK,United Kingdom,2.05519671,
Antimicrobial resistance,Escherichia coli|Third-generation cephalosporins,"R - resistant isolates, percentage  ",%,2003,AT,Austria,1.84237461,
Antimicrobial resistance,Escherichia coli|Third-generation cephalosporins,"R - resistant isolates, percentage  ",%,2003,BE,Belgium,3.49544072,
Antimicrobial resistance,Escherichia coli|Third-generation cephalosporins,"R - resistant isolates, percentage  ",%,2003,BG,Bulgaria,18.35443037,
Antimicrobial resistance,Escherichia coli|Third-generation cephalosporins,"R - resistant isolates, percentage  ",%,2003,CY,Cyprus,-,
Antimicrobial resistance,Escherichia coli|Third-generation cephalosporins,"R - resistant isolates, percentage  ",%,2003,CZ,Czechia,1.13700966,
Antimicrobial resistance,Escherichia coli|Third-generation cephalosporins,"R - resistant isolates, percentage  ",%,2003,DE,Germany,0.6060606,
Antimicrobial resistance,Escherichia coli|Third-generation cephalosporins,"R - resistant isolates, percentage  ",%,2003,EE,Estonia,1.03092783,
Antimicrobial resistance,Escherichia coli|Third-generation cephalosporins,"R - resistant isolates, percentage  ",%,2003,EL,Greece,5.60224089,
Antimicrobial resistance,Escherichia coli|Third-generation cephalosporins,"R - resistant isolates, percentage  ",%,2003,ES,Spain,4.22641509,
Antimicrobial resistance,Escherichia coli|Third-generation cephalosporins,"R - resistant isolates, percentage  ",%,2003,FI,Finland,1.03016924,
Antimicrobial resistance,Escherichia coli|Third-generation cephalosporins,"R - resistant isolates, percentage  ",%,2003,FR,France,0.97087378,
Antimicrobial resistance,Escherichia coli|Third-generation cephalosporins,"R - resistant isolates, percentage  ",%,2003,HR,Croatia,4.38596491,
Antimicrobial resistance,Escherichia coli|Third-generation cephalosporins,"R - resistant isolates, percentage  ",%,2003,HU,Hungary,0.95124851,
Antimicrobial resistance,Escherichia coli|Third-generation cephalosporins,"R - resistant isolates, percentage  ",%,2003,IE,Ireland,2.18068535,
Antimicrobial resistance,Escherichia coli|Third-generation cephalosporins,"R - resistant isolates, percentage  ",%,2003,IS,Iceland,1.01010101,
Antimicrobial resistance,Escherichia coli|Third-generation cephalosporins,"R - resistant isolates, percentage  ",%,2003,IT,Italy,6.17551462,
Antimicrobial resistance,Escherichia coli|Third-generation cephalosporins,"R - resistant isolates, percentage  ",%,2003,LU,Luxembourg,0.88105726,
Antimicrobial resistance,Escherichia coli|Third-generation cephalosporins,"R - resistant isolates, percentage  ",%,2003,MT,Malta,2.19780219,
Antimicrobial resistance,Escherichia coli|Third-generation cephalosporins,"R - resistant isolates, percentage  ",%,2003,NL,Netherlands,1.45945945,
Antimicrobial resistance,Escherichia coli|Third-generation cephalosporins,"R - resistant isolates, percentage  ",%,2003,NO,Norway,0.2548853,
Antimicrobial resistance,Escherichia coli|Third-generation cephalosporins,"R - resistant isolates, percentage  ",%,2003,PL,Poland,4.06504065,
Antimicrobial resistance,Escherichia coli|Third-generation cephalosporins,"R - resistant isolates, percentage  ",%,2003,PT,Portugal,7.12468193,
Antimicrobial resistance,Escherichia coli|Third-generation cephalosporins,"R - resistant isolates, percentage  ",%,2003,RO,Romania,18.75,
Antimicrobial resistance,Escherichia coli|Third-generation cephalosporins,"R - resistant isolates, percentage  ",%,2003,SE,Sweden,0.4241139,
Antimicrobial resistance,Escherichia coli|Third-generation cephalosporins,"R - resistant isolates, percentage  ",%,2003,SI,Slovenia,0.74812967,
Antimicrobial resistance,Escherichia coli|Third-generation cephalosporins,"R - resistant isolates, percentage  ",%,2003,SK,Slovakia,0.41841004,
Antimicrobial resistance,Escherichia coli|Third-generation cephalosporins,"R - resistant isolates, percentage  ",%,2003,UK,United Kingdom,3.27056491,
Antimicrobial resistance,Escherichia coli|Third-generation cephalosporins,"R - resistant isolates, percentage  ",%,2004,AT,Austria,2.53232758,
Antimicrobial resistance,Escherichia coli|Third-generation cephalosporins,"R - resistant isolates, percentage  ",%,2004,BE,Belgium,2.64650283,
Antimicrobial resistance,Escherichia coli|Third-generation cephalosporins,"R - resistant isolates, percentage  ",%,2004,BG,Bulgaria,21.55688622,
Antimicrobial resistance,Escherichia coli|Third-generation cephalosporins,"R - resistant isolates, percentage  ",%,2004,CY,Cyprus,8.69565217,
Antimicrobial resistance,Escherichia coli|Third-generation cephalosporins,"R - resistant isolates, percentage  ",%,2004,CZ,Czechia,1.67938931,
Antimicrobial resistance,Escherichia coli|Third-generation cephalosporins,"R - resistant isolates, percentage  ",%,2004,DE,Germany,1.8961253,
Antimicrobial resistance,Escherichia coli|Third-generation cephalosporins,"R - resistant isolates, percentage  ",%,2004,EE,Estonia,3.61445783,
Antimicrobial resistance,Escherichia coli|Third-generation cephalosporins,"R - resistant isolates, percentage  ",%,2004,EL,Greece,6.03907637,
Antimicrobial resistance,Escherichia coli|Third-generation cephalosporins,"R - resistant isolates, percentage  ",%,2004,ES,Spain,6.5317919,
Antimicrobial resistance,Escherichia coli|Third-generation cephalosporins,"R - resistant isolates, percentage  ",%,2004,FI,Finland,1.52314001,
Antimicrobial resistance,Escherichia coli|Third-generation cephalosporins,"R - resistant isolates, percentage  ",%,2004,FR,France,0.95120662,
Antimicrobial resistance,Escherichia coli|Third-generation cephalosporins,"R - resistant isolates, percentage  ",%,2004,HR,Croatia,2.61682242,
Antimicrobial resistance,Escherichia coli|Third-generation cephalosporins,"R - resistant isolates, percentage  ",%,2004,HU,Hungary,3.22580645,
Antimicrobial resistance,Escherichia coli|Third-generation cephalosporins,"R - resistant isolates, percentage  ",%,2004,IE,Ireland,1.92629815,
Antimicrobial resistance,Escherichia coli|Third-generation cephalosporins,"R - resistant isolates, percentage  ",%,2004,IS,Iceland,0,
Antimicrobial resistance,Escherichia coli|Third-generation cephalosporins,"R - resistant isolates, percentage  ",%,2004,IT,Italy,5.3291536,
Antimicrobial resistance,Escherichia coli|Third-generation cephalosporins,"R - resistant isolates, percentage  ",%,2004,LU,Luxembourg,0.46296296,
Antimicrobial resistance,Escherichia coli|Third-generation cephalosporins,"R - resistant isolates, percentage  ",%,2004,MT,Malta,4.39560439,
Antimicrobial resistance,Escherichia coli|Third-generation cephalosporins,"R - resistant isolates, percentage  ",%,2004,NL,Netherlands,1.42857142,
Antimicrobial resistance,Escherichia coli|Third-generation cephalosporins,"R - resistant isolates, percentage  ",%,2004,NO,Norway,0.66061106,
Antimicrobial resistance,Escherichia coli|Third-generation cephalosporins,"R - resistant isolates, percentage  ",%,2004,PL,Poland,5.23560209,
Antimicrobial resistance,Escherichia coli|Third-generation cephalosporins,"R - resistant isolates, percentage  ",%,2004,PT,Portugal,8.07799442,
Antimicrobial resistance,Escherichia coli|Third-generation cephalosporins,"R - resistant isolates, percentage  ",%,2004,RO,Romania,22.91666666,
Antimicrobial resistance,Escherichia coli|Third-generation cephalosporins,"R - resistant isolates, percentage  ",%,2004,SE,Sweden,0.72926162,
Antimicrobial resistance,Escherichia coli|Third-generation cephalosporins,"R - resistant isolates, percentage  ",%,2004,SI,Slovenia,1.39616055,
Antimicrobial resistance,Escherichia coli|Third-generation cephalosporins,"R - resistant isolates, percentage  ",%,2004,SK,Slovakia,7.14285714,
Antimicrobial resistance,Escherichia coli|Third-generation cephalosporins,"R - resistant isolates, percentage  ",%,2004,UK,United Kingdom,3.20378151,
Antimicrobial resistance,Escherichia coli|Third-generation cephalosporins,"R - resistant isolates, percentage  ",%,2005,AT,Austria,4.20332355,
Antimicrobial resistance,Escherichia coli|Third-generation cephalosporins,"R - resistant isolates, percentage  ",%,2005,BE,Belgium,3.61445783,
Antimicrobial resistance,Escherichia coli|Third-generation cephalosporins,"R - resistant isolates, percentage  ",%,2005,BG,Bulgaria,28.07881773,
Antimicrobial resistance,Escherichia coli|Third-generation cephalosporins,"R - resistant isolates, percentage  ",%,2005,CY,Cyprus,16,
Antimicrobial resistance,Escherichia coli|Third-generation cephalosporins,"R - resistant isolates, percentage  ",%,2005,CZ,Czechia,2.23914017,
Antimicrobial resistance,Escherichia coli|Third-generation cephalosporins,"R - resistant isolates, percentage  ",%,2005,DE,Germany,1.67189132,
Antimicrobial resistance,Escherichia coli|Third-generation cephalosporins,"R - resistant isolates, percentage  ",%,2005,DK,Denmark,1.14942528,
Antimicrobial resistance,Escherichia coli|Third-generation cephalosporins,"R - resistant isolates, percentage  ",%,2005,EE,Estonia,1.29032258,
Antimicrobial resistance,Escherichia coli|Third-generation cephalosporins,"R - resistant isolates, percentage  ",%,2005,EL,Greece,7.023705,
Antimicrobial resistance,Escherichia coli|Third-generation cephalosporins,"R - resistant isolates, percentage  ",%,2005,ES,Spain,7.7410744,
Antimicrobial resistance,Escherichia coli|Third-generation cephalosporins,"R - resistant isolates, percentage  ",%,2005,FI,Finland,1.77267987,
Antimicrobial resistance,Escherichia coli|Third-generation cephalosporins,"R - resistant isolates, percentage  ",%,2005,FR,France,1.3881748,
Antimicrobial resistance,Escherichia coli|Third-generation cephalosporins,"R - resistant isolates, percentage  ",%,2005,HR,Croatia,0.78492935,
Antimicrobial resistance,Escherichia coli|Third-generation cephalosporins,"R - resistant isolates, percentage  ",%,2005,HU,Hungary,3.74639769,
Antimicrobial resistance,Escherichia coli|Third-generation cephalosporins,"R - resistant isolates, percentage  ",%,2005,IE,Ireland,3.56125356,
Antimicrobial resistance,Escherichia coli|Third-generation cephalosporins,"R - resistant isolates, percentage  ",%,2005,IS,Iceland,0,
Antimicrobial resistance,Escherichia coli|Third-generation cephalosporins,"R - resistant isolates, percentage  ",%,2005,IT,Italy,8.48026868,
Antimicrobial resistance,Escherichia coli|Third-generation cephalosporins,"R - resistant isolates, percentage  ",%,2005,LU,Luxembourg,3.19148936,
Antimicrobial resistance,Escherichia coli|Third-generation cephalosporins,"R - resistant isolates, percentage  ",%,2005,MT,Malta,1.17647058,
Antimicrobial resistance,Escherichia coli|Third-generation cephalosporins,"R - resistant isolates, percentage  ",%,2005,NL,Netherlands,2.48021108,
Antimicrobial resistance,Escherichia coli|Third-generation cephalosporins,"R - resistant isolates, percentage  ",%,2005,NO,Norway,0.82831325,
Antimicrobial resistance,Escherichia coli|Third-generation cephalosporins,"R - resistant isolates, percentage  ",%,2005,PL,Poland,4.54545454,
Antimicrobial resistance,Escherichia coli|Third-generation cephalosporins,"R - resistant isolates, percentage  ",%,2005,PT,Portugal,11.71003717,
Antimicrobial resistance,Escherichia coli|Third-generation cephalosporins,"R - resistant isolates, percentage  ",%,2005,RO,Romania,16.66666666,
Antimicrobial resistance,Escherichia coli|Third-generation cephalosporins,"R - resistant isolates, percentage  ",%,2005,SE,Sweden,1.28125,
Antimicrobial resistance,Escherichia coli|Third-generation cephalosporins,"R - resistant isolates, percentage  ",%,2005,SI,Slovenia,1.67427701,
Antimicrobial resistance,Escherichia coli|Third-generation cephalosporins,"R - resistant isolates, percentage  ",%,2005,SK,Slovakia,8.24742268,
Antimicrobial resistance,Escherichia coli|Third-generation cephalosporins,"R - resistant isolates, percentage  ",%,2005,UK,United Kingdom,6.28964059,
Antimicrobial resistance,Escherichia coli|Third-generation cephalosporins,"R - resistant isolates, percentage  ",%,2006,AT,Austria,6.59651962,
Antimicrobial resistance,Escherichia coli|Third-generation cephalosporins,"R - resistant isolates, percentage  ",%,2006,BE,Belgium,2.91021671,
Antimicrobial resistance,Escherichia coli|Third-generation cephalosporins,"R - resistant isolates, percentage  ",%,2006,BG,Bulgaria,28.57142857,
Antimicrobial resistance,Escherichia coli|Third-generation cephalosporins,"R - resistant isolates, percentage  ",%,2006,CY,Cyprus,15.55555555,
Antimicrobial resistance,Escherichia coli|Third-generation cephalosporins,"R - resistant isolates, percentage  ",%,2006,CZ,Czechia,5.13888888,
Antimicrobial resistance,Escherichia coli|Third-generation cephalosporins,"R - resistant isolates, percentage  ",%,2006,DE,Germany,4.24528301,
Antimicrobial resistance,Escherichia coli|Third-generation cephalosporins,"R - resistant isolates, percentage  ",%,2006,DK,Denmark,2.44698205,
Antimicrobial resistance,Escherichia coli|Third-generation cephalosporins,"R - resistant isolates, percentage  ",%,2006,EE,Estonia,0.46948356,
Antimicrobial resistance,Escherichia coli|Third-generation cephalosporins,"R - resistant isolates, percentage  ",%,2006,EL,Greece,6.07513988,
Antimicrobial resistance,Escherichia coli|Third-generation cephalosporins,"R - resistant isolates, percentage  ",%,2006,ES,Spain,7.13860797,
Antimicrobial resistance,Escherichia coli|Third-generation cephalosporins,"R - resistant isolates, percentage  ",%,2006,FI,Finland,1.81526962,
Antimicrobial resistance,Escherichia coli|Third-generation cephalosporins,"R - resistant isolates, percentage  ",%,2006,FR,France,1.96516301,
Antimicrobial resistance,Escherichia coli|Third-generation cephalosporins,"R - resistant isolates, percentage  ",%,2006,HR,Croatia,1.41570141,
Antimicrobial resistance,Escherichia coli|Third-generation cephalosporins,"R - resistant isolates, percentage  ",%,2006,HU,Hungary,4.964539,
Antimicrobial resistance,Escherichia coli|Third-generation cephalosporins,"R - resistant isolates, percentage  ",%,2006,IE,Ireland,3.50338045,
Antimicrobial resistance,Escherichia coli|Third-generation cephalosporins,"R - resistant isolates, percentage  ",%,2006,IS,Iceland,0,
Antimicrobial resistance,Escherichia coli|Third-generation cephalosporins,"R - resistant isolates, percentage  ",%,2006,IT,Italy,7.36263736,
Antimicrobial resistance,Escherichia coli|Third-generation cephalosporins,"R - resistant isolates, percentage  ",%,2006,LT,Lithuania,4.67836257,
Antimicrobial resistance,Escherichia coli|Third-generation cephalosporins,"R - resistant isolates, percentage  ",%,2006,LU,Luxembourg,1.79640718,
Antimicrobial resistance,Escherichia coli|Third-generation cephalosporins,"R - resistant isolates, percentage  ",%,2006,LV,Latvia,6.4516129,
Antimicrobial resistance,Escherichia coli|Third-generation cephalosporins,"R - resistant isolates, percentage  ",%,2006,MT,Malta,4.25531914,
Antimicrobial resistance,Escherichia coli|Third-generation cephalosporins,"R - resistant isolates, percentage  ",%,2006,NL,Netherlands,3.28425821,
Antimicrobial resistance,Escherichia coli|Third-generation cephalosporins,"R - resistant isolates, percentage  ",%,2006,NO,Norway,1.39860139,
Antimicrobial resistance,Escherichia coli|Third-generation cephalosporins,"R - resistant isolates, percentage  ",%,2006,PL,Poland,4.36893203,
Antimicrobial resistance,Escherichia coli|Third-generation cephalosporins,"R - resistant isolates, percentage  ",%,2006,PT,Portugal,9.84908657,
Antimicrobial resistance,Escherichia coli|Third-generation cephalosporins,"R - resistant isolates, percentage  ",%,2006,RO,Romania,41.02564102,
Antimicrobial resistance,Escherichia coli|Third-generation cephalosporins,"R - resistant isolates, percentage  ",%,2006,SE,Sweden,1.52585476,
Antimicrobial resistance,Escherichia coli|Third-generation cephalosporins,"R - resistant isolates, percentage  ",%,2006,SI,Slovenia,1.67364016,
Antimicrobial resistance,Escherichia coli|Third-generation cephalosporins,"R - resistant isolates, percentage  ",%,2006,UK,United Kingdom,7.67494356,
Antimicrobial resistance,Escherichia coli|Third-generation cephalosporins,"R - resistant isolates, percentage  ",%,2007,AT,Austria,8.87128712,
Antimicrobial resistance,Escherichia coli|Third-generation cephalosporins,"R - resistant isolates, percentage  ",%,2007,BE,Belgium,3.92832529,
Antimicrobial resistance,Escherichia coli|Third-generation cephalosporins,"R - resistant isolates, percentage  ",%,2007,BG,Bulgaria,22.83464566,
Antimicrobial resistance,Escherichia coli|Third-generation cephalosporins,"R - resistant isolates, percentage  ",%,2007,CY,Cyprus,18.34862385,
Antimicrobial resistance,Escherichia coli|Third-generation cephalosporins,"R - resistant isolates, percentage  ",%,2007,CZ,Czechia,7.39509763,
Antimicrobial resistance,Escherichia coli|Third-generation cephalosporins,"R - resistant isolates, percentage  ",%,2007,DE,Germany,7.70020533,
Antimicrobial resistance,Escherichia coli|Third-generation cephalosporins,"R - resistant isolates, percentage  ",%,2007,DK,Denmark,3.24601366,
Antimicrobial resistance,Escherichia coli|Third-generation cephalosporins,"R - resistant isolates, percentage  ",%,2007,EE,Estonia,1.38248847,
Antimicrobial resistance,Escherichia coli|Third-generation cephalosporins,"R - resistant isolates, percentage  ",%,2007,EL,Greece,7.62987012,
Antimicrobial resistance,Escherichia coli|Third-generation cephalosporins,"R - resistant isolates, percentage  ",%,2007,ES,Spain,7.44884038,
Antimicrobial resistance,Escherichia coli|Third-generation cephalosporins,"R - resistant isolates, percentage  ",%,2007,FI,Finland,1.54004106,
Antimicrobial resistance,Escherichia coli|Third-generation cephalosporins,"R - resistant isolates, percentage  ",%,2007,FR,France,2.48724489,
Antimicrobial resistance,Escherichia coli|Third-generation cephalosporins,"R - resistant isolates, percentage  ",%,2007,HR,Croatia,2.6744186,
Antimicrobial resistance,Escherichia coli|Third-generation cephalosporins,"R - resistant isolates, percentage  ",%,2007,HU,Hungary,5.41012216,
Antimicrobial resistance,Escherichia coli|Third-generation cephalosporins,"R - resistant isolates, percentage  ",%,2007,IE,Ireland,5.40229885,
Antimicrobial resistance,Escherichia coli|Third-generation cephalosporins,"R - resistant isolates, percentage  ",%,2007,IS,Iceland,1.9047619,
Antimicrobial resistance,Escherichia coli|Third-generation cephalosporins,"R - resistant isolates, percentage  ",%,2007,IT,Italy,11.45281018,
Antimicrobial resistance,Escherichia coli|Third-generation cephalosporins,"R - resistant isolates, percentage  ",%,2007,LT,Lithuania,6.80851063,
Antimicrobial resistance,Escherichia coli|Third-generation cephalosporins,"R - resistant isolates, percentage  ",%,2007,LU,Luxembourg,4.04411764,
Antimicrobial resistance,Escherichia coli|Third-generation cephalosporins,"R - resistant isolates, percentage  ",%,2007,LV,Latvia,14.47368421,
Antimicrobial resistance,Escherichia coli|Third-generation cephalosporins,"R - resistant isolates, percentage  ",%,2007,MT,Malta,12.82051282,
Antimicrobial resistance,Escherichia coli|Third-generation cephalosporins,"R - resistant isolates, percentage  ",%,2007,NL,Netherlands,4.28122545,
Antimicrobial resistance,Escherichia coli|Third-generation cephalosporins,"R - resistant isolates, percentage  ",%,2007,NO,Norway,2.15995329,
Antimicrobial resistance,Escherichia coli|Third-generation cephalosporins,"R - resistant isolates, percentage  ",%,2007,PL,Poland,2.34375,
Antimicrobial resistance,Escherichia coli|Third-generation cephalosporins,"R - resistant isolates, percentage  ",%,2007,PT,Portugal,9.7037037,
Antimicrobial resistance,Escherichia coli|Third-generation cephalosporins,"R - resistant isolates, percentage  ",%,2007,RO,Romania,27.41935483,
Antimicrobial resistance,Escherichia coli|Third-generation cephalosporins,"R - resistant isolates, percentage  ",%,2007,SE,Sweden,2.26848145,
Antimicrobial resistance,Escherichia coli|Third-generation cephalosporins,"R - resistant isolates, percentage  ",%,2007,SI,Slovenia,4.23031727,
Antimicrobial resistance,Escherichia coli|Third-generation cephalosporins,"R - resistant isolates, percentage  ",%,2007,UK,United Kingdom,9.40919037,
Antimicrobial resistance,Escherichia coli|Third-generation cephalosporins,"R - resistant isolates, percentage  ",%,2008,AT,Austria,7.41239892,
Antimicrobial resistance,Escherichia coli|Third-generation cephalosporins,"R - resistant isolates, percentage  ",%,2008,BE,Belgium,4.18736692,
Antimicrobial resistance,Escherichia coli|Third-generation cephalosporins,"R - resistant isolates, percentage  ",%,2008,BG,Bulgaria,29.25170068,
Antimicrobial resistance,Escherichia coli|Third-generation cephalosporins,"R - resistant isolates, percentage  ",%,2008,CY,Cyprus,19.32773109,
Antimicrobial resistance,Escherichia coli|Third-generation cephalosporins,"R - resistant isolates, percentage  ",%,2008,CZ,Czechia,9.86121256,
Antimicrobial resistance,Escherichia coli|Third-generation cephalosporins,"R - resistant isolates, percentage  ",%,2008,DE,Germany,4.83570985,
Antimicrobial resistance,Escherichia coli|Third-generation cephalosporins,"R - resistant isolates, percentage  ",%,2008,DK,Denmark,4.05785456,
Antimicrobial resistance,Escherichia coli|Third-generation cephalosporins,"R - resistant isolates, percentage  ",%,2008,EE,Estonia,4.58015267,
Antimicrobial resistance,Escherichia coli|Third-generation cephalosporins,"R - resistant isolates, percentage  ",%,2008,EL,Greece,9.93150684,
Antimicrobial resistance,Escherichia coli|Third-generation cephalosporins,"R - resistant isolates, percentage  ",%,2008,ES,Spain,9.01820187,
Antimicrobial resistance,Escherichia coli|Third-generation cephalosporins,"R - resistant isolates, percentage  ",%,2008,FI,Finland,2.10828941,
Antimicrobial resistance,Escherichia coli|Third-generation cephalosporins,"R - resistant isolates, percentage  ",%,2008,FR,France,3.81727158,
Antimicrobial resistance,Escherichia coli|Third-generation cephalosporins,"R - resistant isolates, percentage  ",%,2008,HR,Croatia,3.82932166,
Antimicrobial resistance,Escherichia coli|Third-generation cephalosporins,"R - resistant isolates, percentage  ",%,2008,HU,Hungary,9.17691579,
Antimicrobial resistance,Escherichia coli|Third-generation cephalosporins,"R - resistant isolates, percentage  ",%,2008,IE,Ireland,5.91715976,
Antimicrobial resistance,Escherichia coli|Third-generation cephalosporins,"R - resistant isolates, percentage  ",%,2008,IS,Iceland,0.81300813,
Antimicrobial resistance,Escherichia coli|Third-generation cephalosporins,"R - resistant isolates, percentage  ",%,2008,IT,Italy,15.90612777,
Antimicrobial resistance,Escherichia coli|Third-generation cephalosporins,"R - resistant isolates, percentage  ",%,2008,LT,Lithuania,5.59210526,
Antimicrobial resistance,Escherichia coli|Third-generation cephalosporins,"R - resistant isolates, percentage  ",%,2008,LU,Luxembourg,6.29139072,
Antimicrobial resistance,Escherichia coli|Third-generation cephalosporins,"R - resistant isolates, percentage  ",%,2008,LV,Latvia,11.11111111,
Antimicrobial resistance,Escherichia coli|Third-generation cephalosporins,"R - resistant isolates, percentage  ",%,2008,MT,Malta,20.96774193,
Antimicrobial resistance,Escherichia coli|Third-generation cephalosporins,"R - resistant isolates, percentage  ",%,2008,NL,Netherlands,4.62147887,
Antimicrobial resistance,Escherichia coli|Third-generation cephalosporins,"R - resistant isolates, percentage  ",%,2008,NO,Norway,2.55697609,
Antimicrobial resistance,Escherichia coli|Third-generation cephalosporins,"R - resistant isolates, percentage  ",%,2008,PL,Poland,2.38095238,
Antimicrobial resistance,Escherichia coli|Third-generation cephalosporins,"R - resistant isolates, percentage  ",%,2008,PT,Portugal,10.1010101,
Antimicrobial resistance,Escherichia coli|Third-generation cephalosporins,"R - resistant isolates, percentage  ",%,2008,RO,Romania,23.63636363,
Antimicrobial resistance,Escherichia coli|Third-generation cephalosporins,"R - resistant isolates, percentage  ",%,2008,SE,Sweden,2.25806451,
Antimicrobial resistance,Escherichia coli|Third-generation cephalosporins,"R - resistant isolates, percentage  ",%,2008,SI,Slovenia,4.23340961,
Antimicrobial resistance,Escherichia coli|Third-generation cephalosporins,"R - resistant isolates, percentage  ",%,2008,UK,United Kingdom,6.93114455,
Antimicrobial resistance,Escherichia coli|Third-generation cephalosporins,"R - resistant isolates, percentage  ",%,2009,AT,Austria,7.54716981,
Antimicrobial resistance,Escherichia coli|Third-generation cephalosporins,"R - resistant isolates, percentage  ",%,2009,BE,Belgium,6.45363408,
Antimicrobial resistance,Escherichia coli|Third-generation cephalosporins,"R - resistant isolates, percentage  ",%,2009,BG,Bulgaria,19.17098445,
Antimicrobial resistance,Escherichia coli|Third-generation cephalosporins,"R - resistant isolates, percentage  ",%,2009,CY,Cyprus,13.97058823,
Antimicrobial resistance,Escherichia coli|Third-generation cephalosporins,"R - resistant isolates, percentage  ",%,2009,CZ,Czechia,9.7861544,
Antimicrobial resistance,Escherichia coli|Third-generation cephalosporins,"R - resistant isolates, percentage  ",%,2009,DE,Germany,8.15512866,
Antimicrobial resistance,Escherichia coli|Third-generation cephalosporins,"R - resistant isolates, percentage  ",%,2009,DK,Denmark,6.17375231,
Antimicrobial resistance,Escherichia coli|Third-generation cephalosporins,"R - resistant isolates, percentage  ",%,2009,EE,Estonia,2.19435736,
Antimicrobial resistance,Escherichia coli|Third-generation cephalosporins,"R - resistant isolates, percentage  ",%,2009,EL,Greece,10.13774104,
Antimicrobial resistance,Escherichia coli|Third-generation cephalosporins,"R - resistant isolates, percentage  ",%,2009,ES,Spain,11.30594085,
Antimicrobial resistance,Escherichia coli|Third-generation cephalosporins,"R - resistant isolates, percentage  ",%,2009,FI,Finland,2.80330882,
Antimicrobial resistance,Escherichia coli|Third-generation cephalosporins,"R - resistant isolates, percentage  ",%,2009,FR,France,6.72268907,
Antimicrobial resistance,Escherichia coli|Third-generation cephalosporins,"R - resistant isolates, percentage  ",%,2009,HU,Hungary,12.92775665,
Antimicrobial resistance,Escherichia coli|Third-generation cephalosporins,"R - resistant isolates, percentage  ",%,2009,IE,Ireland,6.49546827,
Antimicrobial resistance,Escherichia coli|Third-generation cephalosporins,"R - resistant isolates, percentage  ",%,2009,IS,Iceland,1.81818181,
Antimicrobial resistance,Escherichia coli|Third-generation cephalosporins,"R - resistant isolates, percentage  ",%,2009,IT,Italy,17.03056768,
Antimicrobial resistance,Escherichia coli|Third-generation cephalosporins,"R - resistant isolates, percentage  ",%,2009,LT,Lithuania,7.84982935,
Antimicrobial resistance,Escherichia coli|Third-generation cephalosporins,"R - resistant isolates, percentage  ",%,2009,LU,Luxembourg,8.30564784,
Antimicrobial resistance,Escherichia coli|Third-generation cephalosporins,"R - resistant isolates, percentage  ",%,2009,LV,Latvia,11.62790697,
Antimicrobial resistance,Escherichia coli|Third-generation cephalosporins,"R - resistant isolates, percentage  ",%,2009,MT,Malta,14.55696202,
Antimicrobial resistance,Escherichia coli|Third-generation cephalosporins,"R - resistant isolates, percentage  ",%,2009,NL,Netherlands,4.2652027,
Antimicrobial resistance,Escherichia coli|Third-generation cephalosporins,"R - resistant isolates, percentage  ",%,2009,NO,Norway,2.27518959,
Antimicrobial resistance,Escherichia coli|Third-generation cephalosporins,"R - resistant isolates, percentage  ",%,2009,PL,Poland,9.07534246,
Antimicrobial resistance,Escherichia coli|Third-generation cephalosporins,"R - resistant isolates, percentage  ",%,2009,PT,Portugal,9.20502092,
Antimicrobial resistance,Escherichia coli|Third-generation cephalosporins,"R - resistant isolates, percentage  ",%,2009,RO,Romania,13.55932203,
Antimicrobial resistance,Escherichia coli|Third-generation cephalosporins,"R - resistant isolates, percentage  ",%,2009,SE,Sweden,-,
Antimicrobial resistance,Escherichia coli|Third-generation cephalosporins,"R - resistant isolates, percentage  ",%,2009,SI,Slovenia,4.59126539,
Antimicrobial resistance,Escherichia coli|Third-generation cephalosporins,"R - resistant isolates, percentage  ",%,2009,UK,United Kingdom,9.35835658,
Antimicrobial resistance,Escherichia coli|Third-generation cephalosporins,"R - resistant isolates, percentage  ",%,2010,AT,Austria,7.25530458,
Antimicrobial resistance,Escherichia coli|Third-generation cephalosporins,"R - resistant isolates, percentage  ",%,2010,BE,Belgium,5.17418032,
Antimicrobial resistance,Escherichia coli|Third-generation cephalosporins,"R - resistant isolates, percentage  ",%,2010,BG,Bulgaria,24.8366013,
Antimicrobial resistance,Escherichia coli|Third-generation cephalosporins,"R - resistant isolates, percentage  ",%,2010,CY,Cyprus,20.14388489,
Antimicrobial resistance,Escherichia coli|Third-generation cephalosporins,"R - resistant isolates, percentage  ",%,2010,CZ,Czechia,10.35455278,
Antimicrobial resistance,Escherichia coli|Third-generation cephalosporins,"R - resistant isolates, percentage  ",%,2010,DE,Germany,8.35820895,
Antimicrobial resistance,Escherichia coli|Third-generation cephalosporins,"R - resistant isolates, percentage  ",%,2010,DK,Denmark,7.59966777,
Antimicrobial resistance,Escherichia coli|Third-generation cephalosporins,"R - resistant isolates, percentage  ",%,2010,EE,Estonia,5.50161812,
Antimicrobial resistance,Escherichia coli|Third-generation cephalosporins,"R - resistant isolates, percentage  ",%,2010,EL,Greece,14.20039814,
Antimicrobial resistance,Escherichia coli|Third-generation cephalosporins,"R - resistant isolates, percentage  ",%,2010,ES,Spain,12.11376404,
Antimicrobial resistance,Escherichia coli|Third-generation cephalosporins,"R - resistant isolates, percentage  ",%,2010,FI,Finland,3.74651255,
Antimicrobial resistance,Escherichia coli|Third-generation cephalosporins,"R - resistant isolates, percentage  ",%,2010,FR,France,7.24894701,
Antimicrobial resistance,Escherichia coli|Third-generation cephalosporins,"R - resistant isolates, percentage  ",%,2010,HR,Croatia,8.73015873,
Antimicrobial resistance,Escherichia coli|Third-generation cephalosporins,"R - resistant isolates, percentage  ",%,2010,HU,Hungary,19.45046999,
Antimicrobial resistance,Escherichia coli|Third-generation cephalosporins,"R - resistant isolates, percentage  ",%,2010,IE,Ireland,7.69230769,
Antimicrobial resistance,Escherichia coli|Third-generation cephalosporins,"R - resistant isolates, percentage  ",%,2010,IS,Iceland,3.84615384,
Antimicrobial resistance,Escherichia coli|Third-generation cephalosporins,"R - resistant isolates, percentage  ",%,2010,IT,Italy,21.04175279,
Antimicrobial resistance,Escherichia coli|Third-generation cephalosporins,"R - resistant isolates, percentage  ",%,2010,LT,Lithuania,8.7087087,
Antimicrobial resistance,Escherichia coli|Third-generation cephalosporins,"R - resistant isolates, percentage  ",%,2010,LU,Luxembourg,9.32203389,
Antimicrobial resistance,Escherichia coli|Third-generation cephalosporins,"R - resistant isolates, percentage  ",%,2010,LV,Latvia,12.24489795,
Antimicrobial resistance,Escherichia coli|Third-generation cephalosporins,"R - resistant isolates, percentage  ",%,2010,MT,Malta,15.625,
Antimicrobial resistance,Escherichia coli|Third-generation cephalosporins,"R - resistant isolates, percentage  ",%,2010,NL,Netherlands,4.92711968,
Antimicrobial resistance,Escherichia coli|Third-generation cephalosporins,"R - resistant isolates, percentage  ",%,2010,NO,Norway,3.69230769,
Antimicrobial resistance,Escherichia coli|Third-generation cephalosporins,"R - resistant isolates, percentage  ",%,2010,PL,Poland,7.52688172,
Antimicrobial resistance,Escherichia coli|Third-generation cephalosporins,"R - resistant isolates, percentage  ",%,2010,PT,Portugal,10.4253112,
Antimicrobial resistance,Escherichia coli|Third-generation cephalosporins,"R - resistant isolates, percentage  ",%,2010,RO,Romania,20.58823529,
Antimicrobial resistance,Escherichia coli|Third-generation cephalosporins,"R - resistant isolates, percentage  ",%,2010,SE,Sweden,2.9082774,
Antimicrobial resistance,Escherichia coli|Third-generation cephalosporins,"R - resistant isolates, percentage  ",%,2010,SI,Slovenia,6.61764705,
Antimicrobial resistance,Escherichia coli|Third-generation cephalosporins,"R - resistant isolates, percentage  ",%,2010,UK,United Kingdom,8.97294919,
Antimicrobial resistance,Escherichia coli|Third-generation cephalosporins,"R - resistant isolates, percentage  ",%,2011,AT,Austria,9.14556962,
Antimicrobial resistance,Escherichia coli|Third-generation cephalosporins,"R - resistant isolates, percentage  ",%,2011,BE,Belgium,6.04767879,
Antimicrobial resistance,Escherichia coli|Third-generation cephalosporins,"R - resistant isolates, percentage  ",%,2011,BG,Bulgaria,22.90502793,
Antimicrobial resistance,Escherichia coli|Third-generation cephalosporins,"R - resistant isolates, percentage  ",%,2011,CY,Cyprus,36.23188405,
Antimicrobial resistance,Escherichia coli|Third-generation cephalosporins,"R - resistant isolates, percentage  ",%,2011,CZ,Czechia,11.36363636,
Antimicrobial resistance,Escherichia coli|Third-generation cephalosporins,"R - resistant isolates, percentage  ",%,2011,DE,Germany,7.96265788,
Antimicrobial resistance,Escherichia coli|Third-generation cephalosporins,"R - resistant isolates, percentage  ",%,2011,DK,Denmark,8.49131121,
Antimicrobial resistance,Escherichia coli|Third-generation cephalosporins,"R - resistant isolates, percentage  ",%,2011,EE,Estonia,12.22222222,
Antimicrobial resistance,Escherichia coli|Third-generation cephalosporins,"R - resistant isolates, percentage  ",%,2011,EL,Greece,14.91289198,
Antimicrobial resistance,Escherichia coli|Third-generation cephalosporins,"R - resistant isolates, percentage  ",%,2011,ES,Spain,11.98214285,
Antimicrobial resistance,Escherichia coli|Third-generation cephalosporins,"R - resistant isolates, percentage  ",%,2011,FI,Finland,5,
Antimicrobial resistance,Escherichia coli|Third-generation cephalosporins,"R - resistant isolates, percentage  ",%,2011,FR,France,8.17313362,
Antimicrobial resistance,Escherichia coli|Third-generation cephalosporins,"R - resistant isolates, percentage  ",%,2011,HR,Croatia,9.56256358,
Antimicrobial resistance,Escherichia coli|Third-generation cephalosporins,"R - resistant isolates, percentage  ",%,2011,HU,Hungary,15.11437908,
Antimicrobial resistance,Escherichia coli|Third-generation cephalosporins,"R - resistant isolates, percentage  ",%,2011,IE,Ireland,8.95660203,
Antimicrobial resistance,Escherichia coli|Third-generation cephalosporins,"R - resistant isolates, percentage  ",%,2011,IS,Iceland,6.15384615,
Antimicrobial resistance,Escherichia coli|Third-generation cephalosporins,"R - resistant isolates, percentage  ",%,2011,IT,Italy,19.83957219,
Antimicrobial resistance,Escherichia coli|Third-generation cephalosporins,"R - resistant isolates, percentage  ",%,2011,LT,Lithuania,7.01298701,
Antimicrobial resistance,Escherichia coli|Third-generation cephalosporins,"R - resistant isolates, percentage  ",%,2011,LU,Luxembourg,8.21529745,
Antimicrobial resistance,Escherichia coli|Third-generation cephalosporins,"R - resistant isolates, percentage  ",%,2011,LV,Latvia,15.9090909,
Antimicrobial resistance,Escherichia coli|Third-generation cephalosporins,"R - resistant isolates, percentage  ",%,2011,MT,Malta,12.78538812,
Antimicrobial resistance,Escherichia coli|Third-generation cephalosporins,"R - resistant isolates, percentage  ",%,2011,NL,Netherlands,5.83793738,
Antimicrobial resistance,Escherichia coli|Third-generation cephalosporins,"R - resistant isolates, percentage  ",%,2011,NO,Norway,3.64645263,
Antimicrobial resistance,Escherichia coli|Third-generation cephalosporins,"R - resistant isolates, percentage  ",%,2011,PL,Poland,11.72707889,
Antimicrobial resistance,Escherichia coli|Third-generation cephalosporins,"R - resistant isolates, percentage  ",%,2011,PT,Portugal,11.25723303,
Antimicrobial resistance,Escherichia coli|Third-generation cephalosporins,"R - resistant isolates, percentage  ",%,2011,RO,Romania,21.05263157,
Antimicrobial resistance,Escherichia coli|Third-generation cephalosporins,"R - resistant isolates, percentage  ",%,2011,SE,Sweden,3.64562916,
Antimicrobial resistance,Escherichia coli|Third-generation cephalosporins,"R - resistant isolates, percentage  ",%,2011,SI,Slovenia,8.78243512,
Antimicrobial resistance,Escherichia coli|Third-generation cephalosporins,"R - resistant isolates, percentage  ",%,2011,SK,Slovakia,30.94594594,
Antimicrobial resistance,Escherichia coli|Third-generation cephalosporins,"R - resistant isolates, percentage  ",%,2011,UK,United Kingdom,9.62948668,
Antimicrobial resistance,Escherichia coli|Third-generation cephalosporins,"R - resistant isolates, percentage  ",%,2012,AT,Austria,8.6522911,
Antimicrobial resistance,Escherichia coli|Third-generation cephalosporins,"R - resistant isolates, percentage  ",%,2012,BE,Belgium,6.88308518,
Antimicrobial resistance,Escherichia coli|Third-generation cephalosporins,"R - resistant isolates, percentage  ",%,2012,BG,Bulgaria,38.11659192,
Antimicrobial resistance,Escherichia coli|Third-generation cephalosporins,"R - resistant isolates, percentage  ",%,2012,CY,Cyprus,31.81818181,
Antimicrobial resistance,Escherichia coli|Third-generation cephalosporins,"R - resistant isolates, percentage  ",%,2012,CZ,Czechia,11.4509246,
Antimicrobial resistance,Escherichia coli|Third-generation cephalosporins,"R - resistant isolates, percentage  ",%,2012,DE,Germany,8.83898709,
Antimicrobial resistance,Escherichia coli|Third-generation cephalosporins,"R - resistant isolates, percentage  ",%,2012,DK,Denmark,7.860262,
Antimicrobial resistance,Escherichia coli|Third-generation cephalosporins,"R - resistant isolates, percentage  ",%,2012,EE,Estonia,7.86885245,
Antimicrobial resistance,Escherichia coli|Third-generation cephalosporins,"R - resistant isolates, percentage  ",%,2012,EL,Greece,16.22397702,
Antimicrobial resistance,Escherichia coli|Third-generation cephalosporins,"R - resistant isolates, percentage  ",%,2012,ES,Spain,13.50493653,
Antimicrobial resistance,Escherichia coli|Third-generation cephalosporins,"R - resistant isolates, percentage  ",%,2012,FI,Finland,6.19860847,
Antimicrobial resistance,Escherichia coli|Third-generation cephalosporins,"R - resistant isolates, percentage  ",%,2012,FR,France,9.95503503,
Antimicrobial resistance,Escherichia coli|Third-generation cephalosporins,"R - resistant isolates, percentage  ",%,2012,HR,Croatia,7.61589403,
Antimicrobial resistance,Escherichia coli|Third-generation cephalosporins,"R - resistant isolates, percentage  ",%,2012,HU,Hungary,17.43444365,
Antimicrobial resistance,Escherichia coli|Third-generation cephalosporins,"R - resistant isolates, percentage  ",%,2012,IE,Ireland,9.17832167,
Antimicrobial resistance,Escherichia coli|Third-generation cephalosporins,"R - resistant isolates, percentage  ",%,2012,IS,Iceland,5.07246376,
Antimicrobial resistance,Escherichia coli|Third-generation cephalosporins,"R - resistant isolates, percentage  ",%,2012,IT,Italy,26.29295962,
Antimicrobial resistance,Escherichia coli|Third-generation cephalosporins,"R - resistant isolates, percentage  ",%,2012,LT,Lithuania,4.76190476,
Antimicrobial resistance,Escherichia coli|Third-generation cephalosporins,"R - resistant isolates, percentage  ",%,2012,LU,Luxembourg,11.3772455,
Antimicrobial resistance,Escherichia coli|Third-generation cephalosporins,"R - resistant isolates, percentage  ",%,2012,LV,Latvia,12.98701298,
Antimicrobial resistance,Escherichia coli|Third-generation cephalosporins,"R - resistant isolates, percentage  ",%,2012,MT,Malta,12.91866028,
Antimicrobial resistance,Escherichia coli|Third-generation cephalosporins,"R - resistant isolates, percentage  ",%,2012,NL,Netherlands,6.07753512,
Antimicrobial resistance,Escherichia coli|Third-generation cephalosporins,"R - resistant isolates, percentage  ",%,2012,NO,Norway,4.90228552,
Antimicrobial resistance,Escherichia coli|Third-generation cephalosporins,"R - resistant isolates, percentage  ",%,2012,PL,Poland,12.92189006,
Antimicrobial resistance,Escherichia coli|Third-generation cephalosporins,"R - resistant isolates, percentage  ",%,2012,PT,Portugal,13.5097493,
Antimicrobial resistance,Escherichia coli|Third-generation cephalosporins,"R - resistant isolates, percentage  ",%,2012,RO,Romania,25.13089005,
Antimicrobial resistance,Escherichia coli|Third-generation cephalosporins,"R - resistant isolates, percentage  ",%,2012,SE,Sweden,4.4608994,
Antimicrobial resistance,Escherichia coli|Third-generation cephalosporins,"R - resistant isolates, percentage  ",%,2012,SI,Slovenia,9.50342465,
Antimicrobial resistance,Escherichia coli|Third-generation cephalosporins,"R - resistant isolates, percentage  ",%,2012,SK,Slovakia,30.73593073,
Antimicrobial resistance,Escherichia coli|Third-generation cephalosporins,"R - resistant isolates, percentage  ",%,2012,UK,United Kingdom,13.13791276,
Antimicrobial resistance,Escherichia coli|Third-generation cephalosporins,"R - resistant isolates, percentage  ",%,2013,AT,Austria,9.84917733,
Antimicrobial resistance,Escherichia coli|Third-generation cephalosporins,"R - resistant isolates, percentage  ",%,2013,BE,Belgium,7.99802517,
Antimicrobial resistance,Escherichia coli|Third-generation cephalosporins,"R - resistant isolates, percentage  ",%,2013,BG,Bulgaria,39.57219251,
Antimicrobial resistance,Escherichia coli|Third-generation cephalosporins,"R - resistant isolates, percentage  ",%,2013,CY,Cyprus,38.88888888,
Antimicrobial resistance,Escherichia coli|Third-generation cephalosporins,"R - resistant isolates, percentage  ",%,2013,CZ,Czechia,13.10088016,
Antimicrobial resistance,Escherichia coli|Third-generation cephalosporins,"R - resistant isolates, percentage  ",%,2013,DE,Germany,10.74039362,
Antimicrobial resistance,Escherichia coli|Third-generation cephalosporins,"R - resistant isolates, percentage  ",%,2013,DK,Denmark,8.07833537,
Antimicrobial resistance,Escherichia coli|Third-generation cephalosporins,"R - resistant isolates, percentage  ",%,2013,EE,Estonia,7.35294117,
Antimicrobial resistance,Escherichia coli|Third-generation cephalosporins,"R - resistant isolates, percentage  ",%,2013,EL,Greece,17.21115537,
Antimicrobial resistance,Escherichia coli|Third-generation cephalosporins,"R - resistant isolates, percentage  ",%,2013,ES,Spain,13.30074173,
Antimicrobial resistance,Escherichia coli|Third-generation cephalosporins,"R - resistant isolates, percentage  ",%,2013,FI,Finland,7.06989247,
Antimicrobial resistance,Escherichia coli|Third-generation cephalosporins,"R - resistant isolates, percentage  ",%,2013,FR,France,9.52334055,
Antimicrobial resistance,Escherichia coli|Third-generation cephalosporins,"R - resistant isolates, percentage  ",%,2013,HR,Croatia,8.75,
Antimicrobial resistance,Escherichia coli|Third-generation cephalosporins,"R - resistant isolates, percentage  ",%,2013,HU,Hungary,18.85873347,
Antimicrobial resistance,Escherichia coli|Third-generation cephalosporins,"R - resistant isolates, percentage  ",%,2013,IE,Ireland,10.64516129,
Antimicrobial resistance,Escherichia coli|Third-generation cephalosporins,"R - resistant isolates, percentage  ",%,2013,IS,Iceland,4.95867768,
Antimicrobial resistance,Escherichia coli|Third-generation cephalosporins,"R - resistant isolates, percentage  ",%,2013,IT,Italy,26.19047619,
Antimicrobial resistance,Escherichia coli|Third-generation cephalosporins,"R - resistant isolates, percentage  ",%,2013,LT,Lithuania,7.60368663,
Antimicrobial resistance,Escherichia coli|Third-generation cephalosporins,"R - resistant isolates, percentage  ",%,2013,LU,Luxembourg,10.63122923,
Antimicrobial resistance,Escherichia coli|Third-generation cephalosporins,"R - resistant isolates, percentage  ",%,2013,LV,Latvia,13.97058823,
Antimicrobial resistance,Escherichia coli|Third-generation cephalosporins,"R - resistant isolates, percentage  ",%,2013,MT,Malta,8.67768595,
Antimicrobial resistance,Escherichia coli|Third-generation cephalosporins,"R - resistant isolates, percentage  ",%,2013,NL,Netherlands,6.07651912,
Antimicrobial resistance,Escherichia coli|Third-generation cephalosporins,"R - resistant isolates, percentage  ",%,2013,NO,Norway,5.52486187,
Antimicrobial resistance,Escherichia coli|Third-generation cephalosporins,"R - resistant isolates, percentage  ",%,2013,PL,Poland,10.9073359,
Antimicrobial resistance,Escherichia coli|Third-generation cephalosporins,"R - resistant isolates, percentage  ",%,2013,PT,Portugal,14.93651979,
Antimicrobial resistance,Escherichia coli|Third-generation cephalosporins,"R - resistant isolates, percentage  ",%,2013,RO,Romania,22.81879194,
Antimicrobial resistance,Escherichia coli|Third-generation cephalosporins,"R - resistant isolates, percentage  ",%,2013,SE,Sweden,5.20446096,
Antimicrobial resistance,Escherichia coli|Third-generation cephalosporins,"R - resistant isolates, percentage  ",%,2013,SI,Slovenia,8.74183006,
Antimicrobial resistance,Escherichia coli|Third-generation cephalosporins,"R - resistant isolates, percentage  ",%,2013,SK,Slovakia,29.73977695,
Antimicrobial resistance,Escherichia coli|Third-generation cephalosporins,"R - resistant isolates, percentage  ",%,2013,UK,United Kingdom,14.71302763,
Antimicrobial resistance,Escherichia coli|Third-generation cephalosporins,"R - resistant isolates, percentage  ",%,2014,AT,Austria,9.3690652,
Antimicrobial resistance,Escherichia coli|Third-generation cephalosporins,"R - resistant isolates, percentage  ",%,2014,BE,Belgium,9.74304068,
Antimicrobial resistance,Escherichia coli|Third-generation cephalosporins,"R - resistant isolates, percentage  ",%,2014,BG,Bulgaria,40.36697247,
Antimicrobial resistance,Escherichia coli|Third-generation cephalosporins,"R - resistant isolates, percentage  ",%,2014,CY,Cyprus,28.75816993,
Antimicrobial resistance,Escherichia coli|Third-generation cephalosporins,"R - resistant isolates, percentage  ",%,2014,CZ,Czechia,13.96910678,
Antimicrobial resistance,Escherichia coli|Third-generation cephalosporins,"R - resistant isolates, percentage  ",%,2014,DE,Germany,10.53474223,
Antimicrobial resistance,Escherichia coli|Third-generation cephalosporins,"R - resistant isolates, percentage  ",%,2014,DK,Denmark,7.00680272,
Antimicrobial resistance,Escherichia coli|Third-generation cephalosporins,"R - resistant isolates, percentage  ",%,2014,EE,Estonia,9.26829268,
Antimicrobial resistance,Escherichia coli|Third-generation cephalosporins,"R - resistant isolates, percentage  ",%,2014,EL,Greece,21.03386809,
Antimicrobial resistance,Escherichia coli|Third-generation cephalosporins,"R - resistant isolates, percentage  ",%,2014,ES,Spain,12.3346504,
Antimicrobial resistance,Escherichia coli|Third-generation cephalosporins,"R - resistant isolates, percentage  ",%,2014,FI,Finland,5.4627089,
Antimicrobial resistance,Escherichia coli|Third-generation cephalosporins,"R - resistant isolates, percentage  ",%,2014,FR,France,9.94298966,
Antimicrobial resistance,Escherichia coli|Third-generation cephalosporins,"R - resistant isolates, percentage  ",%,2014,HR,Croatia,10.84337349,
Antimicrobial resistance,Escherichia coli|Third-generation cephalosporins,"R - resistant isolates, percentage  ",%,2014,HU,Hungary,16.42989499,
Antimicrobial resistance,Escherichia coli|Third-generation cephalosporins,"R - resistant isolates, percentage  ",%,2014,IE,Ireland,10.73950204,
Antimicrobial resistance,Escherichia coli|Third-generation cephalosporins,"R - resistant isolates, percentage  ",%,2014,IS,Iceland,3.28947368,
Antimicrobial resistance,Escherichia coli|Third-generation cephalosporins,"R - resistant isolates, percentage  ",%,2014,IT,Italy,28.66811044,
Antimicrobial resistance,Escherichia coli|Third-generation cephalosporins,"R - resistant isolates, percentage  ",%,2014,LT,Lithuania,8.08080808,
Antimicrobial resistance,Escherichia coli|Third-generation cephalosporins,"R - resistant isolates, percentage  ",%,2014,LU,Luxembourg,11.95652173,
Antimicrobial resistance,Escherichia coli|Third-generation cephalosporins,"R - resistant isolates, percentage  ",%,2014,LV,Latvia,10.9090909,
Antimicrobial resistance,Escherichia coli|Third-generation cephalosporins,"R - resistant isolates, percentage  ",%,2014,MT,Malta,10.82089552,
Antimicrobial resistance,Escherichia coli|Third-generation cephalosporins,"R - resistant isolates, percentage  ",%,2014,NL,Netherlands,6.12015721,
Antimicrobial resistance,Escherichia coli|Third-generation cephalosporins,"R - resistant isolates, percentage  ",%,2014,NO,Norway,5.78778135,
Antimicrobial resistance,Escherichia coli|Third-generation cephalosporins,"R - resistant isolates, percentage  ",%,2014,PL,Poland,10.50691244,
Antimicrobial resistance,Escherichia coli|Third-generation cephalosporins,"R - resistant isolates, percentage  ",%,2014,PT,Portugal,16.42117834,
Antimicrobial resistance,Escherichia coli|Third-generation cephalosporins,"R - resistant isolates, percentage  ",%,2014,RO,Romania,29.4117647,
Antimicrobial resistance,Escherichia coli|Third-generation cephalosporins,"R - resistant isolates, percentage  ",%,2014,SE,Sweden,5.56064772,
Antimicrobial resistance,Escherichia coli|Third-generation cephalosporins,"R - resistant isolates, percentage  ",%,2014,SI,Slovenia,12.74671052,
Antimicrobial resistance,Escherichia coli|Third-generation cephalosporins,"R - resistant isolates, percentage  ",%,2014,SK,Slovakia,31.8335208,
Antimicrobial resistance,Escherichia coli|Third-generation cephalosporins,"R - resistant isolates, percentage  ",%,2014,UK,United Kingdom,10.31988426,
Antimicrobial resistance,Escherichia coli|Third-generation cephalosporins,"R - resistant isolates, percentage  ",%,2015,AT,Austria,9.67346938,
Antimicrobial resistance,Escherichia coli|Third-generation cephalosporins,"R - resistant isolates, percentage  ",%,2015,BE,Belgium,9.67990744,
Antimicrobial resistance,Escherichia coli|Third-generation cephalosporins,"R - resistant isolates, percentage  ",%,2015,BG,Bulgaria,38.53658536,
Antimicrobial resistance,Escherichia coli|Third-generation cephalosporins,"R - resistant isolates, percentage  ",%,2015,CY,Cyprus,28.45528455,
Antimicrobial resistance,Escherichia coli|Third-generation cephalosporins,"R - resistant isolates, percentage  ",%,2015,CZ,Czechia,14.50189155,
Antimicrobial resistance,Escherichia coli|Third-generation cephalosporins,"R - resistant isolates, percentage  ",%,2015,DE,Germany,10.29786291,
Antimicrobial resistance,Escherichia coli|Third-generation cephalosporins,"R - resistant isolates, percentage  ",%,2015,DK,Denmark,7.4764306,
Antimicrobial resistance,Escherichia coli|Third-generation cephalosporins,"R - resistant isolates, percentage  ",%,2015,EE,Estonia,11.38211382,
Antimicrobial resistance,Escherichia coli|Third-generation cephalosporins,"R - resistant isolates, percentage  ",%,2015,EL,Greece,19.83539094,
Antimicrobial resistance,Escherichia coli|Third-generation cephalosporins,"R - resistant isolates, percentage  ",%,2015,ES,Spain,11.62103298,
Antimicrobial resistance,Escherichia coli|Third-generation cephalosporins,"R - resistant isolates, percentage  ",%,2015,FI,Finland,6.05711653,
Antimicrobial resistance,Escherichia coli|Third-generation cephalosporins,"R - resistant isolates, percentage  ",%,2015,FR,France,10.97638222,
Antimicrobial resistance,Escherichia coli|Third-generation cephalosporins,"R - resistant isolates, percentage  ",%,2015,HR,Croatia,12.52390057,
Antimicrobial resistance,Escherichia coli|Third-generation cephalosporins,"R - resistant isolates, percentage  ",%,2015,HU,Hungary,16.73247778,
Antimicrobial resistance,Escherichia coli|Third-generation cephalosporins,"R - resistant isolates, percentage  ",%,2015,IE,Ireland,11.3722517,
Antimicrobial resistance,Escherichia coli|Third-generation cephalosporins,"R - resistant isolates, percentage  ",%,2015,IS,Iceland,1.73410404,
Antimicrobial resistance,Escherichia coli|Third-generation cephalosporins,"R - resistant isolates, percentage  ",%,2015,IT,Italy,30.07868383,
Antimicrobial resistance,Escherichia coli|Third-generation cephalosporins,"R - resistant isolates, percentage  ",%,2015,LT,Lithuania,16.00688468,
Antimicrobial resistance,Escherichia coli|Third-generation cephalosporins,"R - resistant isolates, percentage  ",%,2015,LU,Luxembourg,12.68011527,
Antimicrobial resistance,Escherichia coli|Third-generation cephalosporins,"R - resistant isolates, percentage  ",%,2015,LV,Latvia,17.91044776,
Antimicrobial resistance,Escherichia coli|Third-generation cephalosporins,"R - resistant isolates, percentage  ",%,2015,MT,Malta,11.76470588,
Antimicrobial resistance,Escherichia coli|Third-generation cephalosporins,"R - resistant isolates, percentage  ",%,2015,NL,Netherlands,6.07859768,
Antimicrobial resistance,Escherichia coli|Third-generation cephalosporins,"R - resistant isolates, percentage  ",%,2015,NO,Norway,6.02847621,
Antimicrobial resistance,Escherichia coli|Third-generation cephalosporins,"R - resistant isolates, percentage  ",%,2015,PL,Poland,11.92546583,
Antimicrobial resistance,Escherichia coli|Third-generation cephalosporins,"R - resistant isolates, percentage  ",%,2015,PT,Portugal,16.09002976,
Antimicrobial resistance,Escherichia coli|Third-generation cephalosporins,"R - resistant isolates, percentage  ",%,2015,RO,Romania,26.82926829,
Antimicrobial resistance,Escherichia coli|Third-generation cephalosporins,"R - resistant isolates, percentage  ",%,2015,SE,Sweden,6.23853211,
Antimicrobial resistance,Escherichia coli|Third-generation cephalosporins,"R - resistant isolates, percentage  ",%,2015,SI,Slovenia,13.65007541,
Antimicrobial resistance,Escherichia coli|Third-generation cephalosporins,"R - resistant isolates, percentage  ",%,2015,SK,Slovakia,30.0111982,
Antimicrobial resistance,Escherichia coli|Third-generation cephalosporins,"R - resistant isolates, percentage  ",%,2015,UK,United Kingdom,11.25943122,
Antimicrobial resistance,Escherichia coli|Third-generation cephalosporins,"R - resistant isolates, percentage  ",%,2016,AT,Austria,10.00569584,
Antimicrobial resistance,Escherichia coli|Third-generation cephalosporins,"R - resistant isolates, percentage  ",%,2016,BE,Belgium,10.48969761,
Antimicrobial resistance,Escherichia coli|Third-generation cephalosporins,"R - resistant isolates, percentage  ",%,2016,BG,Bulgaria,41.59663865,
Antimicrobial resistance,Escherichia coli|Third-generation cephalosporins,"R - resistant isolates, percentage  ",%,2016,CY,Cyprus,30.20134228,
Antimicrobial resistance,Escherichia coli|Third-generation cephalosporins,"R - resistant isolates, percentage  ",%,2016,CZ,Czechia,15.06043776,
Antimicrobial resistance,Escherichia coli|Third-generation cephalosporins,"R - resistant isolates, percentage  ",%,2016,DE,Germany,11.09947643,
Antimicrobial resistance,Escherichia coli|Third-generation cephalosporins,"R - resistant isolates, percentage  ",%,2016,DK,Denmark,6.56793303,
Antimicrobial resistance,Escherichia coli|Third-generation cephalosporins,"R - resistant isolates, percentage  ",%,2016,EE,Estonia,8.98716119,
Antimicrobial resistance,Escherichia coli|Third-generation cephalosporins,"R - resistant isolates, percentage  ",%,2016,EL,Greece,17.6380368,
Antimicrobial resistance,Escherichia coli|Third-generation cephalosporins,"R - resistant isolates, percentage  ",%,2016,ES,Spain,14.97058823,
Antimicrobial resistance,Escherichia coli|Third-generation cephalosporins,"R - resistant isolates, percentage  ",%,2016,FI,Finland,6.89582454,
Antimicrobial resistance,Escherichia coli|Third-generation cephalosporins,"R - resistant isolates, percentage  ",%,2016,FR,France,11.22602315,
Antimicrobial resistance,Escherichia coli|Third-generation cephalosporins,"R - resistant isolates, percentage  ",%,2016,HR,Croatia,14.7368421,
Antimicrobial resistance,Escherichia coli|Third-generation cephalosporins,"R - resistant isolates, percentage  ",%,2016,HU,Hungary,16.70847967,
Antimicrobial resistance,Escherichia coli|Third-generation cephalosporins,"R - resistant isolates, percentage  ",%,2016,IE,Ireland,11.39028475,
Antimicrobial resistance,Escherichia coli|Third-generation cephalosporins,"R - resistant isolates, percentage  ",%,2016,IS,Iceland,4.16666666,
Antimicrobial resistance,Escherichia coli|Third-generation cephalosporins,"R - resistant isolates, percentage  ",%,2016,IT,Italy,29.77433479,
Antimicrobial resistance,Escherichia coli|Third-generation cephalosporins,"R - resistant isolates, percentage  ",%,2016,LT,Lithuania,14.71698113,
Antimicrobial resistance,Escherichia coli|Third-generation cephalosporins,"R - resistant isolates, percentage  ",%,2016,LU,Luxembourg,13.63636363,
Antimicrobial resistance,Escherichia coli|Third-generation cephalosporins,"R - resistant isolates, percentage  ",%,2016,LV,Latvia,24.11067193,
Antimicrobial resistance,Escherichia coli|Third-generation cephalosporins,"R - resistant isolates, percentage  ",%,2016,MT,Malta,14.63414634,
Antimicrobial resistance,Escherichia coli|Third-generation cephalosporins,"R - resistant isolates, percentage  ",%,2016,NL,Netherlands,6.59310344,
Antimicrobial resistance,Escherichia coli|Third-generation cephalosporins,"R - resistant isolates, percentage  ",%,2016,NO,Norway,5.55709151,
Antimicrobial resistance,Escherichia coli|Third-generation cephalosporins,"R - resistant isolates, percentage  ",%,2016,PL,Poland,13.71827877,
Antimicrobial resistance,Escherichia coli|Third-generation cephalosporins,"R - resistant isolates, percentage  ",%,2016,PT,Portugal,16.0615491,
Antimicrobial resistance,Escherichia coli|Third-generation cephalosporins,"R - resistant isolates, percentage  ",%,2016,RO,Romania,23.44497607,
Antimicrobial resistance,Escherichia coli|Third-generation cephalosporins,"R - resistant isolates, percentage  ",%,2016,SE,Sweden,8.26386892,
Antimicrobial resistance,Escherichia coli|Third-generation cephalosporins,"R - resistant isolates, percentage  ",%,2016,SI,Slovenia,12.53521126,
Antimicrobial resistance,Escherichia coli|Third-generation cephalosporins,"R - resistant isolates, percentage  ",%,2016,SK,Slovakia,29.7330097,
Antimicrobial resistance,Escherichia coli|Third-generation cephalosporins,"R - resistant isolates, percentage  ",%,2016,UK,United Kingdom,9.23738899,
Antimicrobial resistance,Escherichia coli|Third-generation cephalosporins,"R - resistant isolates, percentage  ",%,2017,AT,Austria,9.63150711,
Antimicrobial resistance,Escherichia coli|Third-generation cephalosporins,"R - resistant isolates, percentage  ",%,2017,BE,Belgium,9.73886986,
Antimicrobial resistance,Escherichia coli|Third-generation cephalosporins,"R - resistant isolates, percentage  ",%,2017,BG,Bulgaria,41.29554655,
Antimicrobial resistance,Escherichia coli|Third-generation cephalosporins,"R - resistant isolates, percentage  ",%,2017,CY,Cyprus,30.76923076,
Antimicrobial resistance,Escherichia coli|Third-generation cephalosporins,"R - resistant isolates, percentage  ",%,2017,CZ,Czechia,14.22319474,
Antimicrobial resistance,Escherichia coli|Third-generation cephalosporins,"R - resistant isolates, percentage  ",%,2017,DE,Germany,12.28139037,
Antimicrobial resistance,Escherichia coli|Third-generation cephalosporins,"R - resistant isolates, percentage  ",%,2017,DK,Denmark,6.90149498,
Antimicrobial resistance,Escherichia coli|Third-generation cephalosporins,"R - resistant isolates, percentage  ",%,2017,EE,Estonia,8.75634517,
Antimicrobial resistance,Escherichia coli|Third-generation cephalosporins,"R - resistant isolates, percentage  ",%,2017,EL,Greece,18.29931972,
Antimicrobial resistance,Escherichia coli|Third-generation cephalosporins,"R - resistant isolates, percentage  ",%,2017,ES,Spain,12.80902604,
Antimicrobial resistance,Escherichia coli|Third-generation cephalosporins,"R - resistant isolates, percentage  ",%,2017,FI,Finland,6.85429829,
Antimicrobial resistance,Escherichia coli|Third-generation cephalosporins,"R - resistant isolates, percentage  ",%,2017,FR,France,10.22318753,
Antimicrobial resistance,Escherichia coli|Third-generation cephalosporins,"R - resistant isolates, percentage  ",%,2017,HR,Croatia,16.46341463,
Antimicrobial resistance,Escherichia coli|Third-generation cephalosporins,"R - resistant isolates, percentage  ",%,2017,HU,Hungary,20.11661807,
Antimicrobial resistance,Escherichia coli|Third-generation cephalosporins,"R - resistant isolates, percentage  ",%,2017,IE,Ireland,11.98333867,
Antimicrobial resistance,Escherichia coli|Third-generation cephalosporins,"R - resistant isolates, percentage  ",%,2017,IS,Iceland,6.10328638,
Antimicrobial resistance,Escherichia coli|Third-generation cephalosporins,"R - resistant isolates, percentage  ",%,2017,IT,Italy,29.48989684,
Antimicrobial resistance,Escherichia coli|Third-generation cephalosporins,"R - resistant isolates, percentage  ",%,2017,LT,Lithuania,16.78403755,
Antimicrobial resistance,Escherichia coli|Third-generation cephalosporins,"R - resistant isolates, percentage  ",%,2017,LU,Luxembourg,9.69976905,
Antimicrobial resistance,Escherichia coli|Third-generation cephalosporins,"R - resistant isolates, percentage  ",%,2017,LV,Latvia,21.95121951,
Antimicrobial resistance,Escherichia coli|Third-generation cephalosporins,"R - resistant isolates, percentage  ",%,2017,MT,Malta,15.60509554,
Antimicrobial resistance,Escherichia coli|Third-generation cephalosporins,"R - resistant isolates, percentage  ",%,2017,NL,Netherlands,6.36569449,
Antimicrobial resistance,Escherichia coli|Third-generation cephalosporins,"R - resistant isolates, percentage  ",%,2017,NO,Norway,5.8650241,
Antimicrobial resistance,Escherichia coli|Third-generation cephalosporins,"R - resistant isolates, percentage  ",%,2017,PL,Poland,16.67829727,
Antimicrobial resistance,Escherichia coli|Third-generation cephalosporins,"R - resistant isolates, percentage  ",%,2017,PT,Portugal,15.58764167,
Antimicrobial resistance,Escherichia coli|Third-generation cephalosporins,"R - resistant isolates, percentage  ",%,2017,RO,Romania,18.72586872,
Antimicrobial resistance,Escherichia coli|Third-generation cephalosporins,"R - resistant isolates, percentage  ",%,2017,SE,Sweden,7.35751295,
Antimicrobial resistance,Escherichia coli|Third-generation cephalosporins,"R - resistant isolates, percentage  ",%,2017,SI,Slovenia,12.47386759,
Antimicrobial resistance,Escherichia coli|Third-generation cephalosporins,"R - resistant isolates, percentage  ",%,2017,SK,Slovakia,30.91954022,
Antimicrobial resistance,Escherichia coli|Third-generation cephalosporins,"R - resistant isolates, percentage  ",%,2017,UK,United Kingdom,10.25604297,
Antimicrobial resistance,Escherichia coli|Third-generation cephalosporins,"R - resistant isolates, percentage  ",%,2018,AT,Austria,10.20803949,
Antimicrobial resistance,Escherichia coli|Third-generation cephalosporins,"R - resistant isolates, percentage  ",%,2018,BE,Belgium,9.02239448,
Antimicrobial resistance,Escherichia coli|Third-generation cephalosporins,"R - resistant isolates, percentage  ",%,2018,BG,Bulgaria,38.69863013,
Antimicrobial resistance,Escherichia coli|Third-generation cephalosporins,"R - resistant isolates, percentage  ",%,2018,CY,Cyprus,37.08609271,
Antimicrobial resistance,Escherichia coli|Third-generation cephalosporins,"R - resistant isolates, percentage  ",%,2018,CZ,Czechia,15.2156001,
Antimicrobial resistance,Escherichia coli|Third-generation cephalosporins,"R - resistant isolates, percentage  ",%,2018,DE,Germany,12.19700759,
Antimicrobial resistance,Escherichia coli|Third-generation cephalosporins,"R - resistant isolates, percentage  ",%,2018,DK,Denmark,7.65570039,
Antimicrobial resistance,Escherichia coli|Third-generation cephalosporins,"R - resistant isolates, percentage  ",%,2018,EE,Estonia,9.76470588,
Antimicrobial resistance,Escherichia coli|Third-generation cephalosporins,"R - resistant isolates, percentage  ",%,2018,EL,Greece,19.32926829,
Antimicrobial resistance,Escherichia coli|Third-generation cephalosporins,"R - resistant isolates, percentage  ",%,2018,ES,Spain,13.75741512,
Antimicrobial resistance,Escherichia coli|Third-generation cephalosporins,"R - resistant isolates, percentage  ",%,2018,FI,Finland,7.60956175,
Antimicrobial resistance,Escherichia coli|Third-generation cephalosporins,"R - resistant isolates, percentage  ",%,2018,FR,France,9.59251625,
Antimicrobial resistance,Escherichia coli|Third-generation cephalosporins,"R - resistant isolates, percentage  ",%,2018,HR,Croatia,14.81164383,
Antimicrobial resistance,Escherichia coli|Third-generation cephalosporins,"R - resistant isolates, percentage  ",%,2018,HU,Hungary,22.61603375,
Antimicrobial resistance,Escherichia coli|Third-generation cephalosporins,"R - resistant isolates, percentage  ",%,2018,IE,Ireland,12.88229842,
Antimicrobial resistance,Escherichia coli|Third-generation cephalosporins,"R - resistant isolates, percentage  ",%,2018,IS,Iceland,8.08080808,
Antimicrobial resistance,Escherichia coli|Third-generation cephalosporins,"R - resistant isolates, percentage  ",%,2018,IT,Italy,28.69624069,
Antimicrobial resistance,Escherichia coli|Third-generation cephalosporins,"R - resistant isolates, percentage  ",%,2018,LT,Lithuania,15.32912533,
Antimicrobial resistance,Escherichia coli|Third-generation cephalosporins,"R - resistant isolates, percentage  ",%,2018,LU,Luxembourg,12.5,
Antimicrobial resistance,Escherichia coli|Third-generation cephalosporins,"R - resistant isolates, percentage  ",%,2018,LV,Latvia,20.40229885,
Antimicrobial resistance,Escherichia coli|Third-generation cephalosporins,"R - resistant isolates, percentage  ",%,2018,MT,Malta,15.36144578,
Antimicrobial resistance,Escherichia coli|Third-generation cephalosporins,"R - resistant isolates, percentage  ",%,2018,NL,Netherlands,7.31559854,
Antimicrobial resistance,Escherichia coli|Third-generation cephalosporins,"R - resistant isolates, percentage  ",%,2018,NO,Norway,6.75431812,
Antimicrobial resistance,Escherichia coli|Third-generation cephalosporins,"R - resistant isolates, percentage  ",%,2018,PL,Poland,17.59541984,
Antimicrobial resistance,Escherichia coli|Third-generation cephalosporins,"R - resistant isolates, percentage  ",%,2018,PT,Portugal,14.70838292,
Antimicrobial resistance,Escherichia coli|Third-generation cephalosporins,"R - resistant isolates, percentage  ",%,2018,RO,Romania,20.18348623,
Antimicrobial resistance,Escherichia coli|Third-generation cephalosporins,"R - resistant isolates, percentage  ",%,2018,SE,Sweden,8.33024118,
Antimicrobial resistance,Escherichia coli|Third-generation cephalosporins,"R - resistant isolates, percentage  ",%,2018,SI,Slovenia,11.33093525,
Antimicrobial resistance,Escherichia coli|Third-generation cephalosporins,"R - resistant isolates, percentage  ",%,2018,SK,Slovakia,30.11305241,
Antimicrobial resistance,Escherichia coli|Third-generation cephalosporins,"R - resistant isolates, percentage  ",%,2018,UK,United Kingdom,10.96697701,
Antimicrobial resistance,Escherichia coli|Third-generation cephalosporins,"R - resistant isolates, percentage  ",%,2019,AT,Austria,9.31870291,
Antimicrobial resistance,Escherichia coli|Third-generation cephalosporins,"R - resistant isolates, percentage  ",%,2019,BE,Belgium,9.98221996,
Antimicrobial resistance,Escherichia coli|Third-generation cephalosporins,"R - resistant isolates, percentage  ",%,2019,BG,Bulgaria,38.63636363,
Antimicrobial resistance,Escherichia coli|Third-generation cephalosporins,"R - resistant isolates, percentage  ",%,2019,CY,Cyprus,20.65217391,
Antimicrobial resistance,Escherichia coli|Third-generation cephalosporins,"R - resistant isolates, percentage  ",%,2019,CZ,Czechia,15.91228563,
Antimicrobial resistance,Escherichia coli|Third-generation cephalosporins,"R - resistant isolates, percentage  ",%,2019,DE,Germany,11.50642805,
Antimicrobial resistance,Escherichia coli|Third-generation cephalosporins,"R - resistant isolates, percentage  ",%,2019,DK,Denmark,7.54272245,
Antimicrobial resistance,Escherichia coli|Third-generation cephalosporins,"R - resistant isolates, percentage  ",%,2019,EE,Estonia,11.53846153,
Antimicrobial resistance,Escherichia coli|Third-generation cephalosporins,"R - resistant isolates, percentage  ",%,2019,EL,Greece,18.94736842,
Antimicrobial resistance,Escherichia coli|Third-generation cephalosporins,"R - resistant isolates, percentage  ",%,2019,ES,Spain,14.11623726,
Antimicrobial resistance,Escherichia coli|Third-generation cephalosporins,"R - resistant isolates, percentage  ",%,2019,FI,Finland,7.85146868,
Antimicrobial resistance,Escherichia coli|Third-generation cephalosporins,"R - resistant isolates, percentage  ",%,2019,FR,France,8.84860588,
Antimicrobial resistance,Escherichia coli|Third-generation cephalosporins,"R - resistant isolates, percentage  ",%,2019,HR,Croatia,15.94470046,
Antimicrobial resistance,Escherichia coli|Third-generation cephalosporins,"R - resistant isolates, percentage  ",%,2019,HU,Hungary,20.5967675,
Antimicrobial resistance,Escherichia coli|Third-generation cephalosporins,"R - resistant isolates, percentage  ",%,2019,IE,Ireland,12.07056638,
Antimicrobial resistance,Escherichia coli|Third-generation cephalosporins,"R - resistant isolates, percentage  ",%,2019,IS,Iceland,7.00389105,
Antimicrobial resistance,Escherichia coli|Third-generation cephalosporins,"R - resistant isolates, percentage  ",%,2019,IT,Italy,30.8653376,
Antimicrobial resistance,Escherichia coli|Third-generation cephalosporins,"R - resistant isolates, percentage  ",%,2019,LT,Lithuania,13.86925795,
Antimicrobial resistance,Escherichia coli|Third-generation cephalosporins,"R - resistant isolates, percentage  ",%,2019,LU,Luxembourg,12.60162601,
Antimicrobial resistance,Escherichia coli|Third-generation cephalosporins,"R - resistant isolates, percentage  ",%,2019,LV,Latvia,19.68325791,
Antimicrobial resistance,Escherichia coli|Third-generation cephalosporins,"R - resistant isolates, percentage  ",%,2019,MT,Malta,17.46987951,
Antimicrobial resistance,Escherichia coli|Third-generation cephalosporins,"R - resistant isolates, percentage  ",%,2019,NL,Netherlands,7.52054794,
Antimicrobial resistance,Escherichia coli|Third-generation cephalosporins,"R - resistant isolates, percentage  ",%,2019,NO,Norway,6.18404907,
Antimicrobial resistance,Escherichia coli|Third-generation cephalosporins,"R - resistant isolates, percentage  ",%,2019,PL,Poland,17.12450945,
Antimicrobial resistance,Escherichia coli|Third-generation cephalosporins,"R - resistant isolates, percentage  ",%,2019,PT,Portugal,16.10328638,
Antimicrobial resistance,Escherichia coli|Third-generation cephalosporins,"R - resistant isolates, percentage  ",%,2019,RO,Romania,20.3313253,
Antimicrobial resistance,Escherichia coli|Third-generation cephalosporins,"R - resistant isolates, percentage  ",%,2019,SE,Sweden,7.82460983,
Antimicrobial resistance,Escherichia coli|Third-generation cephalosporins,"R - resistant isolates, percentage  ",%,2019,SI,Slovenia,9.81366459,
Antimicrobial resistance,Escherichia coli|Third-generation cephalosporins,"R - resistant isolates, percentage  ",%,2019,SK,Slovakia,23.04964539,
Antimicrobial resistance,Escherichia coli|Third-generation cephalosporins,"R - resistant isolates, percentage  ",%,2019,UK,United Kingdom,11.51430827,
Antimicrobial resistance,Escherichia coli|Third-generation cephalosporins,"R - resistant isolates, percentage  ",%,2020,AT,Austria,9.46800595,
Antimicrobial resistance,Escherichia coli|Third-generation cephalosporins,"R - resistant isolates, percentage  ",%,2020,BE,Belgium,9.88425925,
Antimicrobial resistance,Escherichia coli|Third-generation cephalosporins,"R - resistant isolates, percentage  ",%,2020,BG,Bulgaria,41.37931034,
Antimicrobial resistance,Escherichia coli|Third-generation cephalosporins,"R - resistant isolates, percentage  ",%,2020,CY,Cyprus,29.8245614,
Antimicrobial resistance,Escherichia coli|Third-generation cephalosporins,"R - resistant isolates, percentage  ",%,2020,CZ,Czechia,13.27994661,
Antimicrobial resistance,Escherichia coli|Third-generation cephalosporins,"R - resistant isolates, percentage  ",%,2020,DE,Germany,10.3580338,
Antimicrobial resistance,Escherichia coli|Third-generation cephalosporins,"R - resistant isolates, percentage  ",%,2020,DK,Denmark,6.6969353,
Antimicrobial resistance,Escherichia coli|Third-generation cephalosporins,"R - resistant isolates, percentage  ",%,2020,EE,Estonia,8.27374872,
Antimicrobial resistance,Escherichia coli|Third-generation cephalosporins,"R - resistant isolates, percentage  ",%,2020,EL,Greece,21.86948853,
Antimicrobial resistance,Escherichia coli|Third-generation cephalosporins,"R - resistant isolates, percentage  ",%,2020,ES,Spain,14.07541322,
Antimicrobial resistance,Escherichia coli|Third-generation cephalosporins,"R - resistant isolates, percentage  ",%,2020,FI,Finland,7.17346748,
Antimicrobial resistance,Escherichia coli|Third-generation cephalosporins,"R - resistant isolates, percentage  ",%,2020,FR,France,9.4659808,
Antimicrobial resistance,Escherichia coli|Third-generation cephalosporins,"R - resistant isolates, percentage  ",%,2020,HR,Croatia,16.56590084,
Antimicrobial resistance,Escherichia coli|Third-generation cephalosporins,"R - resistant isolates, percentage  ",%,2020,HU,Hungary,20.13251783,
Antimicrobial resistance,Escherichia coli|Third-generation cephalosporins,"R - resistant isolates, percentage  ",%,2020,IE,Ireland,11.8245614,
Antimicrobial resistance,Escherichia coli|Third-generation cephalosporins,"R - resistant isolates, percentage  ",%,2020,IS,Iceland,11.02040816,
Antimicrobial resistance,Escherichia coli|Third-generation cephalosporins,"R - resistant isolates, percentage  ",%,2020,IT,Italy,26.41066666,
Antimicrobial resistance,Escherichia coli|Third-generation cephalosporins,"R - resistant isolates, percentage  ",%,2020,LT,Lithuania,15.93695271,
Antimicrobial resistance,Escherichia coli|Third-generation cephalosporins,"R - resistant isolates, percentage  ",%,2020,LU,Luxembourg,11.44859813,
Antimicrobial resistance,Escherichia coli|Third-generation cephalosporins,"R - resistant isolates, percentage  ",%,2020,LV,Latvia,24.07407407,
Antimicrobial resistance,Escherichia coli|Third-generation cephalosporins,"R - resistant isolates, percentage  ",%,2020,MT,Malta,12.27436823,
Antimicrobial resistance,Escherichia coli|Third-generation cephalosporins,"R - resistant isolates, percentage  ",%,2020,NL,Netherlands,6.64531625,
Antimicrobial resistance,Escherichia coli|Third-generation cephalosporins,"R - resistant isolates, percentage  ",%,2020,NO,Norway,5.79479,
Antimicrobial resistance,Escherichia coli|Third-generation cephalosporins,"R - resistant isolates, percentage  ",%,2020,PL,Poland,17.44935543,
Antimicrobial resistance,Escherichia coli|Third-generation cephalosporins,"R - resistant isolates, percentage  ",%,2020,PT,Portugal,14.44847229,
Antimicrobial resistance,Escherichia coli|Third-generation cephalosporins,"R - resistant isolates, percentage  ",%,2020,RO,Romania,19.69026548,
Antimicrobial resistance,Escherichia coli|Third-generation cephalosporins,"R - resistant isolates, percentage  ",%,2020,SE,Sweden,7.86642306,
Antimicrobial resistance,Escherichia coli|Third-generation cephalosporins,"R - resistant isolates, percentage  ",%,2020,SI,Slovenia,10.57513914,
Antimicrobial resistance,Escherichia coli|Third-generation cephalosporins,"R - resistant isolates, percentage  ",%,2020,SK,Slovakia,27.09766162,
Antimicrobial resistance,Escherichia coli|Third-generation cephalosporins,"R - resistant isolates, percentage  ",%,2021,AT,Austria,8.28968755,
Antimicrobial resistance,Escherichia coli|Third-generation cephalosporins,"R - resistant isolates, percentage  ",%,2021,BE,Belgium,8.26096166,
Antimicrobial resistance,Escherichia coli|Third-generation cephalosporins,"R - resistant isolates, percentage  ",%,2021,BG,Bulgaria,37.26235741,
Antimicrobial resistance,Escherichia coli|Third-generation cephalosporins,"R - resistant isolates, percentage  ",%,2021,CY,Cyprus,32.8125,
Antimicrobial resistance,Escherichia coli|Third-generation cephalosporins,"R - resistant isolates, percentage  ",%,2021,CZ,Czechia,14.41717791,
Antimicrobial resistance,Escherichia coli|Third-generation cephalosporins,"R - resistant isolates, percentage  ",%,2021,DE,Germany,9.09686089,
Antimicrobial resistance,Escherichia coli|Third-generation cephalosporins,"R - resistant isolates, percentage  ",%,2021,DK,Denmark,6.16691285,
Antimicrobial resistance,Escherichia coli|Third-generation cephalosporins,"R - resistant isolates, percentage  ",%,2021,EE,Estonia,8.07319698,
Antimicrobial resistance,Escherichia coli|Third-generation cephalosporins,"R - resistant isolates, percentage  ",%,2021,EL,Greece,21.73314993,
Antimicrobial resistance,Escherichia coli|Third-generation cephalosporins,"R - resistant isolates, percentage  ",%,2021,ES,Spain,13.15824915,
Antimicrobial resistance,Escherichia coli|Third-generation cephalosporins,"R - resistant isolates, percentage  ",%,2021,FI,Finland,6.60458699,
Antimicrobial resistance,Escherichia coli|Third-generation cephalosporins,"R - resistant isolates, percentage  ",%,2021,FR,France,8.34267413,
Antimicrobial resistance,Escherichia coli|Third-generation cephalosporins,"R - resistant isolates, percentage  ",%,2021,HR,Croatia,18.59504132,
Antimicrobial resistance,Escherichia coli|Third-generation cephalosporins,"R - resistant isolates, percentage  ",%,2021,HU,Hungary,20.40485829,
Antimicrobial resistance,Escherichia coli|Third-generation cephalosporins,"R - resistant isolates, percentage  ",%,2021,IE,Ireland,9.95521873,
Antimicrobial resistance,Escherichia coli|Third-generation cephalosporins,"R - resistant isolates, percentage  ",%,2021,IS,Iceland,10.43165467,
Antimicrobial resistance,Escherichia coli|Third-generation cephalosporins,"R - resistant isolates, percentage  ",%,2021,IT,Italy,24.37776864,
Antimicrobial resistance,Escherichia coli|Third-generation cephalosporins,"R - resistant isolates, percentage  ",%,2021,LT,Lithuania,13.61665221,
Antimicrobial resistance,Escherichia coli|Third-generation cephalosporins,"R - resistant isolates, percentage  ",%,2021,LU,Luxembourg,11.29943502,
Antimicrobial resistance,Escherichia coli|Third-generation cephalosporins,"R - resistant isolates, percentage  ",%,2021,LV,Latvia,18.32061068,
Antimicrobial resistance,Escherichia coli|Third-generation cephalosporins,"R - resistant isolates, percentage  ",%,2021,MT,Malta,13.71237458,
Antimicrobial resistance,Escherichia coli|Third-generation cephalosporins,"R - resistant isolates, percentage  ",%,2021,NL,Netherlands,6.64638783,
Antimicrobial resistance,Escherichia coli|Third-generation cephalosporins,"R - resistant isolates, percentage  ",%,2021,NO,Norway,5.49622297,
Antimicrobial resistance,Escherichia coli|Third-generation cephalosporins,"R - resistant isolates, percentage  ",%,2021,PL,Poland,18.72627583,
Antimicrobial resistance,Escherichia coli|Third-generation cephalosporins,"R - resistant isolates, percentage  ",%,2021,PT,Portugal,13.08993766,
Antimicrobial resistance,Escherichia coli|Third-generation cephalosporins,"R - resistant isolates, percentage  ",%,2021,RO,Romania,18.78787878,
Antimicrobial resistance,Escherichia coli|Third-generation cephalosporins,"R - resistant isolates, percentage  ",%,2021,SE,Sweden,7.11934543,
Antimicrobial resistance,Escherichia coli|Third-generation cephalosporins,"R - resistant isolates, percentage  ",%,2021,SI,Slovenia,9.28019036,
Antimicrobial resistance,Escherichia coli|Third-generation cephalosporins,"R - resistant isolates, percentage  ",%,2021,SK,Slovakia,23.11248073,
Antimicrobial resistance,Escherichia coli|Third-generation cephalosporins,"R - resistant isolates, percentage  ",%,2022,AT,Austria,8.32025117,
Antimicrobial resistance,Escherichia coli|Third-generation cephalosporins,"R - resistant isolates, percentage  ",%,2022,BE,Belgium,8.75555555,
Antimicrobial resistance,Escherichia coli|Third-generation cephalosporins,"R - resistant isolates, percentage  ",%,2022,BG,Bulgaria,40.16736401,
Antimicrobial resistance,Escherichia coli|Third-generation cephalosporins,"R - resistant isolates, percentage  ",%,2022,CY,Cyprus,32.44444444,
Antimicrobial resistance,Escherichia coli|Third-generation cephalosporins,"R - resistant isolates, percentage  ",%,2022,CZ,Czechia,14.75042063,
Antimicrobial resistance,Escherichia coli|Third-generation cephalosporins,"R - resistant isolates, percentage  ",%,2022,DE,Germany,9.41785861,
Antimicrobial resistance,Escherichia coli|Third-generation cephalosporins,"R - resistant isolates, percentage  ",%,2022,DK,Denmark,6.62786331,
Antimicrobial resistance,Escherichia coli|Third-generation cephalosporins,"R - resistant isolates, percentage  ",%,2022,EE,Estonia,11.76470588,
Antimicrobial resistance,Escherichia coli|Third-generation cephalosporins,"R - resistant isolates, percentage  ",%,2022,EL,Greece,23.31983805,
Antimicrobial resistance,Escherichia coli|Third-generation cephalosporins,"R - resistant isolates, percentage  ",%,2022,ES,Spain,14.87741262,
Antimicrobial resistance,Escherichia coli|Third-generation cephalosporins,"R - resistant isolates, percentage  ",%,2022,FI,Finland,6.10770577,
Antimicrobial resistance,Escherichia coli|Third-generation cephalosporins,"R - resistant isolates, percentage  ",%,2022,FR,France,8.44148515,
Antimicrobial resistance,Escherichia coli|Third-generation cephalosporins,"R - resistant isolates, percentage  ",%,2022,HR,Croatia,17.42654508,
Antimicrobial resistance,Escherichia coli|Third-generation cephalosporins,"R - resistant isolates, percentage  ",%,2022,HU,Hungary,22.57309941,
Antimicrobial resistance,Escherichia coli|Third-generation cephalosporins,"R - resistant isolates, percentage  ",%,2022,IE,Ireland,9.67741935,
Antimicrobial resistance,Escherichia coli|Third-generation cephalosporins,"R - resistant isolates, percentage  ",%,2022,IS,Iceland,9.78723404,
Antimicrobial resistance,Escherichia coli|Third-generation cephalosporins,"R - resistant isolates, percentage  ",%,2022,IT,Italy,24.24384159,
Antimicrobial resistance,Escherichia coli|Third-generation cephalosporins,"R - resistant isolates, percentage  ",%,2022,LI,Liechtenstein,-,
Antimicrobial resistance,Escherichia coli|Third-generation cephalosporins,"R - resistant isolates, percentage  ",%,2022,LT,Lithuania,15.43162719,
Antimicrobial resistance,Escherichia coli|Third-generation cephalosporins,"R - resistant isolates, percentage  ",%,2022,LU,Luxembourg,10.44776119,
Antimicrobial resistance,Escherichia coli|Third-generation cephalosporins,"R - resistant isolates, percentage  ",%,2022,LV,Latvia,20.04132231,
Antimicrobial resistance,Escherichia coli|Third-generation cephalosporins,"R - resistant isolates, percentage  ",%,2022,MT,Malta,11.34969325,
Antimicrobial resistance,Escherichia coli|Third-generation cephalosporins,"R - resistant isolates, percentage  ",%,2022,NL,Netherlands,7.74774774,
Antimicrobial resistance,Escherichia coli|Third-generation cephalosporins,"R - resistant isolates, percentage  ",%,2022,NO,Norway,5.83043594,
Antimicrobial resistance,Escherichia coli|Third-generation cephalosporins,"R - resistant isolates, percentage  ",%,2022,PL,Poland,18.6882655,
Antimicrobial resistance,Escherichia coli|Third-generation cephalosporins,"R - resistant isolates, percentage  ",%,2022,PT,Portugal,14.09699601,
Antimicrobial resistance,Escherichia coli|Third-generation cephalosporins,"R - resistant isolates, percentage  ",%,2022,RO,Romania,17.82608695,
Antimicrobial resistance,Escherichia coli|Third-generation cephalosporins,"R - resistant isolates, percentage  ",%,2022,SE,Sweden,7.50733693,
Antimicrobial resistance,Escherichia coli|Third-generation cephalosporins,"R - resistant isolates, percentage  ",%,2022,SI,Slovenia,9.33734939,
Antimicrobial resistance,Escherichia coli|Third-generation cephalosporins,"R - resistant isolates, percentage  ",%,2022,SK,Slovakia,23.69791666,
Antimicrobial resistance,Escherichia coli|Third-generation cephalosporins,"R - resistant isolates, percentage  ",%,2023,AT,Austria,9.85248588,
Antimicrobial resistance,Escherichia coli|Third-generation cephalosporins,"R - resistant isolates, percentage  ",%,2023,BE,Belgium,10.08878127,
Antimicrobial resistance,Escherichia coli|Third-generation cephalosporins,"R - resistant isolates, percentage  ",%,2023,BG,Bulgaria,37.25490196,
Antimicrobial resistance,Escherichia coli|Third-generation cephalosporins,"R - resistant isolates, percentage  ",%,2023,CY,Cyprus,34.74320241,
Antimicrobial resistance,Escherichia coli|Third-generation cephalosporins,"R - resistant isolates, percentage  ",%,2023,CZ,Czechia,15.87872559,
Antimicrobial resistance,Escherichia coli|Third-generation cephalosporins,"R - resistant isolates, percentage  ",%,2023,DE,Germany,9.73319749,
Antimicrobial resistance,Escherichia coli|Third-generation cephalosporins,"R - resistant isolates, percentage  ",%,2023,DK,Denmark,6.31638846,
Antimicrobial resistance,Escherichia coli|Third-generation cephalosporins,"R - resistant isolates, percentage  ",%,2023,EE,Estonia,11.43911439,
Antimicrobial resistance,Escherichia coli|Third-generation cephalosporins,"R - resistant isolates, percentage  ",%,2023,EL,Greece,22.82921219,
Antimicrobial resistance,Escherichia coli|Third-generation cephalosporins,"R - resistant isolates, percentage  ",%,2023,ES,Spain,16.21534146,
Antimicrobial resistance,Escherichia coli|Third-generation cephalosporins,"R - resistant isolates, percentage  ",%,2023,FI,Finland,7.08587517,
Antimicrobial resistance,Escherichia coli|Third-generation cephalosporins,"R - resistant isolates, percentage  ",%,2023,HR,Croatia,20.01527883,
Antimicrobial resistance,Escherichia coli|Third-generation cephalosporins,"R - resistant isolates, percentage  ",%,2023,HU,Hungary,21.3352685,
Antimicrobial resistance,Escherichia coli|Third-generation cephalosporins,"R - resistant isolates, percentage  ",%,2023,IE,Ireland,10.4233483,
Antimicrobial resistance,Escherichia coli|Third-generation cephalosporins,"R - resistant isolates, percentage  ",%,2023,IS,Iceland,12.01550387,
Antimicrobial resistance,Escherichia coli|Third-generation cephalosporins,"R - resistant isolates, percentage  ",%,2023,IT,Italy,26.67647161,
Antimicrobial resistance,Escherichia coli|Third-generation cephalosporins,"R - resistant isolates, percentage  ",%,2023,LI,Liechtenstein,-,
Antimicrobial resistance,Escherichia coli|Third-generation cephalosporins,"R - resistant isolates, percentage  ",%,2023,LT,Lithuania,16.95945945,
Antimicrobial resistance,Escherichia coli|Third-generation cephalosporins,"R - resistant isolates, percentage  ",%,2023,LU,Luxembourg,11.71366594,
Antimicrobial resistance,Escherichia coli|Third-generation cephalosporins,"R - resistant isolates, percentage  ",%,2023,LV,Latvia,25.54112554,
Antimicrobial resistance,Escherichia coli|Third-generation cephalosporins,"R - resistant isolates, percentage  ",%,2023,MT,Malta,11.29807692,
Antimicrobial resistance,Escherichia coli|Third-generation cephalosporins,"R - resistant isolates, percentage  ",%,2023,NL,Netherlands,7.97193877,
Antimicrobial resistance,Escherichia coli|Third-generation cephalosporins,"R - resistant isolates, percentage  ",%,2023,NO,Norway,5.62248995,
Antimicrobial resistance,Escherichia coli|Third-generation cephalosporins,"R - resistant isolates, percentage  ",%,2023,PL,Poland,19.56309096,
Antimicrobial resistance,Escherichia coli|Third-generation cephalosporins,"R - resistant isolates, percentage  ",%,2023,PT,Portugal,17.19506481,
Antimicrobial resistance,Escherichia coli|Third-generation cephalosporins,"R - resistant isolates, percentage  ",%,2023,RO,Romania,19.09090909,
Antimicrobial resistance,Escherichia coli|Third-generation cephalosporins,"R - resistant isolates, percentage  ",%,2023,SE,Sweden,7.92540792,
Antimicrobial resistance,Escherichia coli|Third-generation cephalosporins,"R - resistant isolates, percentage  ",%,2023,SI,Slovenia,8.6638194,
Antimicrobial resistance,Escherichia coli|Third-generation cephalosporins,"R - resistant isolates, percentage  ",%,2023,SK,Slovakia,21.55172413,
Antimicrobial resistance,Escherichia coli|Third-generation cephalosporins,"R - resistant isolates, percentage  ",%,2024,AT,Austria,10.55105348,
Antimicrobial resistance,Escherichia coli|Third-generation cephalosporins,"R - resistant isolates, percentage  ",%,2024,BE,Belgium,11.91865938,
Antimicrobial resistance,Escherichia coli|Third-generation cephalosporins,"R - resistant isolates, percentage  ",%,2024,BG,Bulgaria,34.52380952,
Antimicrobial resistance,Escherichia coli|Third-generation cephalosporins,"R - resistant isolates, percentage  ",%,2024,CY,Cyprus,38.75,
Antimicrobial resistance,Escherichia coli|Third-generation cephalosporins,"R - resistant isolates, percentage  ",%,2024,CZ,Czechia,15.7882408,
Antimicrobial resistance,Escherichia coli|Third-generation cephalosporins,"R - resistant isolates, percentage  ",%,2024,DE,Germany,10.60872886,
Antimicrobial resistance,Escherichia coli|Third-generation cephalosporins,"R - resistant isolates, percentage  ",%,2024,DK,Denmark,6.76103557,
Antimicrobial resistance,Escherichia coli|Third-generation cephalosporins,"R - resistant isolates, percentage  ",%,2024,EE,Estonia,9.94623655,
Antimicrobial resistance,Escherichia coli|Third-generation cephalosporins,"R - resistant isolates, percentage  ",%,2024,EL,Greece,25.50066755,
Antimicrobial resistance,Escherichia coli|Third-generation cephalosporins,"R - resistant isolates, percentage  ",%,2024,ES,Spain,16.83130334,
Antimicrobial resistance,Escherichia coli|Third-generation cephalosporins,"R - resistant isolates, percentage  ",%,2024,FI,Finland,7.45401742,
Antimicrobial resistance,Escherichia coli|Third-generation cephalosporins,"R - resistant isolates, percentage  ",%,2024,FR,France,10.46973591,
Antimicrobial resistance,Escherichia coli|Third-generation cephalosporins,"R - resistant isolates, percentage  ",%,2024,HR,Croatia,19.39451277,
Antimicrobial resistance,Escherichia coli|Third-generation cephalosporins,"R - resistant isolates, percentage  ",%,2024,HU,Hungary,20.73687642,
Antimicrobial resistance,Escherichia coli|Third-generation cephalosporins,"R - resistant isolates, percentage  ",%,2024,IE,Ireland,11.91385897,
Antimicrobial resistance,Escherichia coli|Third-generation cephalosporins,"R - resistant isolates, percentage  ",%,2024,IS,Iceland,14.13793103,
Antimicrobial resistance,Escherichia coli|Third-generation cephalosporins,"R - resistant isolates, percentage  ",%,2024,IT,Italy,27.73332489,
Antimicrobial resistance,Escherichia coli|Third-generation cephalosporins,"R - resistant isolates, percentage  ",%,2024,LI,Liechtenstein,-,
Antimicrobial resistance,Escherichia coli|Third-generation cephalosporins,"R - resistant isolates, percentage  ",%,2024,LT,Lithuania,15.82278481,
Antimicrobial resistance,Escherichia coli|Third-generation cephalosporins,"R - resistant isolates, percentage  ",%,2024,LU,Luxembourg,12.97709923,
Antimicrobial resistance,Escherichia coli|Third-generation cephalosporins,"R - resistant isolates, percentage  ",%,2024,LV,Latvia,28.86115444,
Antimicrobial resistance,Escherichia coli|Third-generation cephalosporins,"R - resistant isolates, percentage  ",%,2024,MT,Malta,24.7464503,
Antimicrobial resistance,Escherichia coli|Third-generation cephalosporins,"R - resistant isolates, percentage  ",%,2024,NL,Netherlands,9.09698251,
Antimicrobial resistance,Escherichia coli|Third-generation cephalosporins,"R - resistant isolates, percentage  ",%,2024,NO,Norway,6.79074446,
Antimicrobial resistance,Escherichia coli|Third-generation cephalosporins,"R - resistant isolates, percentage  ",%,2024,PL,Poland,18.81295943,
Antimicrobial resistance,Escherichia coli|Third-generation cephalosporins,"R - resistant isolates, percentage  ",%,2024,PT,Portugal,18.71056241,
Antimicrobial resistance,Escherichia coli|Third-generation cephalosporins,"R - resistant isolates, percentage  ",%,2024,RO,Romania,20.67164179,
Antimicrobial resistance,Escherichia coli|Third-generation cephalosporins,"R - resistant isolates, percentage  ",%,2024,SE,Sweden,9.4353994,
Antimicrobial resistance,Escherichia coli|Third-generation cephalosporins,"R - resistant isolates, percentage  ",%,2024,SI,Slovenia,9.06963136,
Antimicrobial resistance,Escherichia coli|Third-generation cephalosporins,"R - resistant isolates, percentage  ",%,2024,SK,Slovakia,24.58172458,